unicef_id;admin1_area_id;admin2_area_id;admin3_area_id;
HH-23-0230.3547;UA63;UA6304;UA6304009;
HH-23-0230.3548;UA63;UA6304;UA6304009;
HH-23-0230.3549;UA63;UA6304;UA6304009;
HH-23-0230.3550;UA63;UA6304;UA6304009;
HH-23-0230.3551;UA63;UA6304;UA6304009;
HH-23-0230.3552;UA63;UA6304;UA6304009;
HH-23-0230.3553;UA63;UA6304;UA6304009;
HH-23-0230.3554;UA63;UA6304;UA6304009;
HH-23-0230.3555;UA63;UA6304;UA6304009;
HH-23-0230.3556;UA63;UA6304;UA6304009;
HH-23-0230.3557;UA63;UA6304;UA6304009;
HH-23-0230.3558;UA63;UA6304;UA6304009;
HH-23-0230.3559;UA63;UA6304;UA6304009;
HH-23-0230.3560;UA63;UA6304;UA6304009;
HH-23-0230.3561;UA63;UA6304;UA6304009;
HH-23-0230.3562;UA63;UA6304;UA6304009;
HH-23-0230.3563;UA63;UA6304;UA6304009;
HH-23-0230.3564;UA63;UA6304;UA6304009;
HH-23-0230.3565;UA63;UA6304;UA6304009;
HH-23-0230.3566;UA63;UA6304;UA6304009;
HH-23-0230.3567;UA63;UA6304;UA6304009;
HH-23-0230.3568;UA63;UA6304;UA6304009;
HH-23-0230.3569;UA63;UA6304;UA6304009;
HH-23-0230.3570;UA63;UA6304;UA6304009;
HH-23-0230.3571;UA63;UA6304;UA6304009;
HH-23-0230.3572;UA63;UA6304;UA6304009;
HH-23-0230.3573;UA63;UA6304;UA6304009;
HH-23-0230.3574;UA63;UA6304;UA6304009;
HH-23-0230.3575;UA63;UA6304;UA6304009;
HH-23-0230.3576;UA63;UA6304;UA6304009;
HH-23-0230.3577;UA63;UA6304;UA6304009;
HH-23-0230.3578;UA63;UA6304;UA6304009;
HH-23-0230.3579;UA63;UA6304;UA6304009;
HH-23-0230.3580;UA63;UA6304;UA6304009;
HH-23-0230.3581;UA63;UA6304;UA6304009;
HH-23-0230.3582;UA63;UA6304;UA6304009;
HH-23-0230.3583;UA63;UA6304;UA6304009;
HH-23-0230.3584;UA63;UA6304;UA6304009;
HH-23-0230.3585;UA63;UA6304;UA6304009;
HH-23-0230.3586;UA63;UA6304;UA6304009;
HH-23-0230.3587;UA63;UA6304;UA6304009;
HH-23-0230.3588;UA63;UA6304;UA6304009;
HH-23-0230.3589;UA63;UA6304;UA6304009;
HH-23-0230.3590;UA63;UA6304;UA6304009;
HH-23-0230.3591;UA63;UA6304;UA6304009;
HH-23-0230.3592;UA63;UA6304;UA6304009;
HH-23-0230.3593;UA63;UA6304;UA6304009;
HH-23-0230.3594;UA63;UA6304;UA6304009;
HH-23-0230.3595;UA63;UA6304;UA6304009;
HH-23-0230.3596;UA63;UA6304;UA6304009;
HH-23-0230.3597;UA63;UA6304;UA6304009;
HH-23-0230.3598;UA63;UA6304;UA6304009;
HH-23-0230.3599;UA63;UA6304;UA6304009;
HH-23-0230.3600;UA63;UA6304;UA6304009;
HH-23-0230.3601;UA63;UA6304;UA6304009;
HH-23-0230.3602;UA63;UA6304;UA6304009;
HH-23-0230.3603;UA63;UA6304;UA6304009;
HH-23-0230.3604;UA63;UA6304;UA6304009;
HH-23-0230.3605;UA63;UA6304;UA6304009;
HH-23-0230.3606;UA63;UA6304;UA6304009;
HH-23-0230.3607;UA63;UA6304;UA6304009;
HH-23-0230.3608;UA63;UA6304;UA6304009;
HH-23-0230.3609;UA63;UA6304;UA6304009;
HH-23-0230.3610;UA63;UA6304;UA6304009;
HH-23-0230.3611;UA63;UA6304;UA6304009;
HH-23-0230.3612;UA63;UA6304;UA6304009;
HH-23-0230.3613;UA63;UA6304;UA6304009;
HH-23-0230.3614;UA63;UA6304;UA6304009;
HH-23-0230.3615;UA63;UA6304;UA6304009;
HH-23-0230.3616;UA63;UA6304;UA6304009;
HH-23-0230.3617;UA63;UA6304;UA6304009;
HH-23-0230.3618;UA63;UA6304;UA6304009;
HH-23-0230.3619;UA63;UA6304;UA6304009;
HH-23-0230.3620;UA63;UA6304;UA6304009;
HH-23-0230.3621;UA63;UA6304;UA6304009;
HH-23-0230.3622;UA63;UA6304;UA6304009;
HH-23-0230.3623;UA63;UA6304;UA6304009;
HH-23-0230.3624;UA63;UA6304;UA6304009;
HH-23-0230.3625;UA63;UA6304;UA6304009;
HH-23-0230.3626;UA63;UA6304;UA6304009;
HH-23-0230.3627;UA63;UA6304;UA6304009;
HH-23-0230.3628;UA63;UA6304;UA6304009;
HH-23-0230.3629;UA63;UA6304;UA6304009;
HH-23-0230.3630;UA63;UA6304;UA6304009;
HH-23-0230.3631;UA63;UA6304;UA6304009;
HH-23-0230.3632;UA63;UA6304;UA6304009;
HH-23-0230.3633;UA63;UA6304;UA6304009;
HH-23-0230.3634;UA63;UA6304;UA6304009;
HH-23-0230.3635;UA63;UA6304;UA6304009;
HH-23-0230.3636;UA63;UA6304;UA6304009;
HH-23-0230.3637;UA63;UA6304;UA6304009;
HH-23-0230.3638;UA63;UA6304;UA6304009;
HH-23-0230.3639;UA63;UA6304;UA6304009;
HH-23-0230.3640;UA63;UA6304;UA6304009;
HH-23-0230.3641;UA63;UA6304;UA6304009;
HH-23-0230.3642;UA63;UA6304;UA6304009;
HH-23-0230.3643;UA63;UA6304;UA6304009;
HH-23-0230.3644;UA63;UA6304;UA6304009;
HH-23-0230.3645;UA63;UA6304;UA6304009;
HH-23-0230.3646;UA63;UA6304;UA6304009;
HH-23-0230.3647;UA63;UA6304;UA6304009;
HH-23-0230.3648;UA63;UA6304;UA6304009;
HH-23-0230.3649;UA63;UA6304;UA6304009;
HH-23-0230.3650;UA63;UA6304;UA6304009;
HH-23-0230.3651;UA63;UA6304;UA6304009;
HH-23-0230.3652;UA63;UA6304;UA6304009;
HH-23-0230.3653;UA63;UA6304;UA6304009;
HH-23-0230.3654;UA63;UA6304;UA6304009;
HH-23-0230.3655;UA63;UA6304;UA6304009;
HH-23-0230.3656;UA63;UA6304;UA6304009;
HH-23-0230.3657;UA63;UA6304;UA6304009;
HH-23-0230.3658;UA63;UA6304;UA6304009;
HH-23-0230.3659;UA63;UA6304;UA6304009;
HH-23-0230.3660;UA63;UA6304;UA6304009;
HH-23-0230.3661;UA63;UA6304;UA6304009;
HH-23-0230.3662;UA63;UA6304;UA6304009;
HH-23-0230.3663;UA63;UA6304;UA6304009;
HH-23-0230.3664;UA63;UA6304;UA6304009;
HH-23-0230.3665;UA63;UA6304;UA6304009;
HH-23-0230.3666;UA63;UA6304;UA6304009;
HH-23-0230.3667;UA63;UA6304;UA6304009;
HH-23-0230.3668;UA63;UA6304;UA6304009;
HH-23-0230.3669;UA63;UA6304;UA6304009;
HH-23-0230.3670;UA63;UA6304;UA6304009;
HH-23-0230.3671;UA63;UA6304;UA6304009;
HH-23-0230.3672;UA63;UA6304;UA6304009;
HH-23-0230.3673;UA63;UA6304;UA6304009;
HH-23-0230.3674;UA63;UA6304;UA6304009;
HH-23-0230.3675;UA63;UA6304;UA6304009;
HH-23-0230.3676;UA63;UA6304;UA6304009;
HH-23-0230.3677;UA63;UA6304;UA6304009;
HH-23-0230.3678;UA63;UA6304;UA6304009;
HH-23-0230.3679;UA63;UA6304;UA6304009;
HH-23-0230.3680;UA63;UA6304;UA6304009;
HH-23-0230.3681;UA63;UA6304;UA6304009;
HH-23-0230.3682;UA63;UA6304;UA6304009;
HH-23-0230.3683;UA63;UA6304;UA6304009;
HH-23-0230.3684;UA63;UA6304;UA6304009;
HH-23-0230.3685;UA63;UA6304;UA6304009;
HH-23-0230.3686;UA63;UA6304;UA6304009;
HH-23-0230.3687;UA63;UA6304;UA6304009;
HH-23-0230.3688;UA63;UA6304;UA6304009;
HH-23-0230.3689;UA63;UA6304;UA6304009;
HH-23-0230.3690;UA63;UA6304;UA6304009;
HH-23-0230.3691;UA63;UA6304;UA6304009;
HH-23-0230.3692;UA63;UA6304;UA6304009;
HH-23-0230.3693;UA63;UA6304;UA6304009;
HH-23-0230.3694;UA63;UA6304;UA6304009;
HH-23-0230.3695;UA63;UA6304;UA6304009;
HH-23-0230.3696;UA63;UA6304;UA6304009;
HH-23-0230.3697;UA63;UA6304;UA6304009;
HH-23-0230.3698;UA63;UA6304;UA6304009;
HH-23-0230.3699;UA63;UA6304;UA6304009;
HH-23-0230.3700;UA63;UA6304;UA6304009;
HH-23-0230.3701;UA63;UA6304;UA6304009;
HH-23-0230.3702;UA63;UA6304;UA6304009;
HH-23-0230.3703;UA63;UA6304;UA6304009;
HH-23-0230.3704;UA63;UA6304;UA6304009;
HH-23-0230.3705;UA63;UA6304;UA6304009;
HH-23-0230.3706;UA63;UA6304;UA6304009;
HH-23-0230.3707;UA63;UA6304;UA6304009;
HH-23-0230.3708;UA63;UA6304;UA6304009;
HH-23-0230.3709;UA63;UA6304;UA6304009;
HH-23-0230.3710;UA63;UA6304;UA6304009;
HH-23-0230.3711;UA63;UA6304;UA6304009;
HH-23-0230.3712;UA63;UA6304;UA6304009;
HH-23-0230.3713;UA63;UA6304;UA6304009;
HH-23-0230.3714;UA63;UA6304;UA6304009;
HH-23-0230.3715;UA63;UA6304;UA6304009;
HH-23-0230.3716;UA63;UA6304;UA6304009;
HH-23-0230.3717;UA63;UA6304;UA6304009;
HH-23-0230.3718;UA63;UA6304;UA6304009;
HH-23-0230.3719;UA63;UA6304;UA6304009;
HH-23-0230.3720;UA63;UA6304;UA6304009;
HH-23-0230.3721;UA63;UA6304;UA6304009;
HH-23-0230.3722;UA63;UA6304;UA6304009;
HH-23-0230.3723;UA63;UA6304;UA6304009;
HH-23-0230.3724;UA63;UA6304;UA6304009;
HH-23-0230.3725;UA63;UA6304;UA6304009;
HH-23-0230.3726;UA63;UA6304;UA6304009;
HH-23-0230.3727;UA63;UA6304;UA6304009;
HH-23-0230.3728;UA63;UA6304;UA6304009;
HH-23-0230.3729;UA63;UA6304;UA6304009;
HH-23-0230.3730;UA63;UA6304;UA6304009;
HH-23-0230.3731;UA63;UA6304;UA6304009;
HH-23-0230.3732;UA63;UA6304;UA6304009;
HH-23-0230.3733;UA63;UA6304;UA6304009;
HH-23-0230.3734;UA63;UA6304;UA6304009;
HH-23-0230.3735;UA63;UA6304;UA6304009;
HH-23-0230.3736;UA63;UA6304;UA6304009;
HH-23-0230.3737;UA63;UA6304;UA6304009;
HH-23-0230.3738;UA63;UA6304;UA6304009;
HH-23-0230.3739;UA63;UA6304;UA6304009;
HH-23-0230.3740;UA63;UA6304;UA6304009;
HH-23-0230.3741;UA63;UA6304;UA6304009;
HH-23-0230.3742;UA63;UA6304;UA6304009;
HH-23-0230.3743;UA63;UA6304;UA6304009;
HH-23-0230.3744;UA63;UA6304;UA6304009;
HH-23-0230.3745;UA63;UA6304;UA6304009;
HH-23-0230.3746;UA63;UA6304;UA6304009;
HH-23-0230.3747;UA63;UA6304;UA6304009;
HH-23-0230.3748;UA63;UA6304;UA6304009;
HH-23-0230.3749;UA63;UA6304;UA6304009;
HH-23-0230.3750;UA63;UA6304;UA6304009;
HH-23-0230.3751;UA63;UA6304;UA6304009;
HH-23-0230.3752;UA63;UA6304;UA6304009;
HH-23-0230.3753;UA63;UA6304;UA6304009;
HH-23-0230.3754;UA63;UA6304;UA6304009;
HH-23-0230.3755;UA63;UA6304;UA6304009;
HH-23-0230.3756;UA63;UA6304;UA6304009;
HH-23-0230.3757;UA63;UA6304;UA6304009;
HH-23-0230.3758;UA63;UA6304;UA6304009;
HH-23-0230.3759;UA63;UA6304;UA6304009;
HH-23-0230.3760;UA63;UA6304;UA6304009;
HH-23-0230.3761;UA63;UA6304;UA6304009;
HH-23-0230.3762;UA63;UA6304;UA6304009;
HH-23-0230.3763;UA63;UA6304;UA6304009;
HH-23-0230.3764;UA63;UA6304;UA6304009;
HH-23-0230.3765;UA63;UA6304;UA6304009;
HH-23-0230.3766;UA63;UA6304;UA6304009;
HH-23-0230.3767;UA63;UA6304;UA6304009;
HH-23-0230.3768;UA63;UA6304;UA6304009;
HH-23-0230.3769;UA63;UA6304;UA6304009;
HH-23-0230.3770;UA63;UA6304;UA6304009;
HH-23-0230.3771;UA63;UA6304;UA6304009;
HH-23-0230.3772;UA63;UA6304;UA6304009;
HH-23-0230.3773;UA63;UA6304;UA6304009;
HH-23-0230.3774;UA63;UA6304;UA6304009;
HH-23-0230.3775;UA63;UA6304;UA6304009;
HH-23-0230.3776;UA63;UA6304;UA6304009;
HH-23-0230.3777;UA63;UA6304;UA6304009;
HH-23-0230.3778;UA63;UA6304;UA6304009;
HH-23-0230.3779;UA63;UA6304;UA6304009;
HH-23-0230.3780;UA63;UA6304;UA6304009;
HH-23-0230.3781;UA63;UA6304;UA6304009;
HH-23-0230.3782;UA63;UA6304;UA6304009;
HH-23-0230.3783;UA63;UA6304;UA6304009;
HH-23-0230.3784;UA63;UA6304;UA6304009;
HH-23-0230.3785;UA63;UA6304;UA6304009;
HH-23-0230.3786;UA63;UA6304;UA6304009;
HH-23-0230.3787;UA63;UA6304;UA6304009;
HH-23-0230.3788;UA63;UA6304;UA6304009;
HH-23-0230.3789;UA63;UA6304;UA6304009;
HH-23-0230.3790;UA63;UA6304;UA6304009;
HH-23-0230.3791;UA63;UA6304;UA6304009;
HH-23-0230.3792;UA63;UA6304;UA6304009;
HH-23-0230.3793;UA63;UA6304;UA6304009;
HH-23-0230.3794;UA63;UA6304;UA6304009;
HH-23-0230.3795;UA63;UA6304;UA6304009;
HH-23-0230.3796;UA63;UA6304;UA6304009;
HH-23-0230.3797;UA63;UA6304;UA6304009;
HH-23-0230.3798;UA63;UA6304;UA6304009;
HH-23-0230.3799;UA63;UA6304;UA6304009;
HH-23-0230.3800;UA63;UA6304;UA6304009;
HH-23-0230.3801;UA63;UA6304;UA6304009;
HH-23-0230.3802;UA63;UA6304;UA6304009;
HH-23-0230.3803;UA63;UA6304;UA6304009;
HH-23-0230.3804;UA63;UA6304;UA6304009;
HH-23-0230.3805;UA63;UA6304;UA6304009;
HH-23-0230.3806;UA63;UA6304;UA6304009;
HH-23-0230.3807;UA63;UA6304;UA6304009;
HH-23-0230.3808;UA63;UA6304;UA6304009;
HH-23-0230.3809;UA63;UA6304;UA6304009;
HH-23-0230.3810;UA63;UA6304;UA6304009;
HH-23-0230.3811;UA63;UA6304;UA6304009;
HH-23-0230.3812;UA63;UA6304;UA6304009;
HH-23-0230.3813;UA63;UA6304;UA6304009;
HH-23-0230.3814;UA63;UA6304;UA6304009;
HH-23-0230.3815;UA63;UA6304;UA6304009;
HH-23-0230.3816;UA63;UA6304;UA6304009;
HH-23-0230.3817;UA63;UA6304;UA6304009;
HH-23-0230.3818;UA63;UA6304;UA6304009;
HH-23-0230.3819;UA63;UA6304;UA6304009;
HH-23-0230.3820;UA63;UA6304;UA6304009;
HH-23-0230.3821;UA63;UA6304;UA6304009;
HH-23-0230.3822;UA63;UA6304;UA6304009;
HH-23-0230.3823;UA63;UA6304;UA6304009;
HH-23-0230.3824;UA63;UA6304;UA6304009;
HH-23-0230.3825;UA63;UA6304;UA6304009;
HH-23-0230.3826;UA63;UA6304;UA6304009;
HH-23-0230.3827;UA63;UA6304;UA6304009;
HH-23-0230.3828;UA63;UA6304;UA6304009;
HH-23-0230.3829;UA63;UA6304;UA6304009;
HH-23-0230.3830;UA63;UA6304;UA6304009;
HH-23-0230.3831;UA63;UA6304;UA6304009;
HH-23-0230.3832;UA63;UA6304;UA6304009;
HH-23-0230.3833;UA63;UA6304;UA6304009;
HH-23-0230.3834;UA63;UA6304;UA6304009;
HH-23-0230.3835;UA63;UA6304;UA6304009;
HH-23-0230.3836;UA63;UA6304;UA6304009;
HH-23-0230.3837;UA63;UA6304;UA6304009;
HH-23-0230.3838;UA63;UA6304;UA6304009;
HH-23-0230.3839;UA63;UA6304;UA6304009;
HH-23-0230.3840;UA63;UA6304;UA6304009;
HH-23-0230.3841;UA63;UA6304;UA6304009;
HH-23-0230.3842;UA63;UA6304;UA6304009;
HH-23-0230.3843;UA63;UA6304;UA6304009;
HH-23-0230.3844;UA63;UA6304;UA6304009;
HH-23-0230.3845;UA63;UA6304;UA6304009;
HH-23-0230.3846;UA63;UA6304;UA6304009;
HH-23-0230.3847;UA63;UA6304;UA6304009;
HH-23-0230.3848;UA63;UA6304;UA6304009;
HH-23-0230.3849;UA63;UA6304;UA6304009;
HH-23-0230.3850;UA63;UA6304;UA6304009;
HH-23-0230.3851;UA63;UA6304;UA6304009;
HH-23-0230.3852;UA63;UA6304;UA6304009;
HH-23-0230.3853;UA63;UA6304;UA6304009;
HH-23-0230.3854;UA63;UA6304;UA6304009;
HH-23-0230.3855;UA63;UA6304;UA6304009;
HH-23-0230.3856;UA63;UA6304;UA6304009;
HH-23-0230.3857;UA63;UA6304;UA6304009;
HH-23-0230.3858;UA63;UA6304;UA6304009;
HH-23-0230.3859;UA63;UA6304;UA6304009;
HH-23-0230.3860;UA63;UA6304;UA6304009;
HH-23-0230.3861;UA63;UA6304;UA6304009;
HH-23-0230.3862;UA63;UA6304;UA6304009;
HH-23-0230.3863;UA63;UA6304;UA6304009;
HH-23-0230.3864;UA63;UA6304;UA6304009;
HH-23-0230.3865;UA63;UA6304;UA6304009;
HH-23-0230.3866;UA63;UA6304;UA6304009;
HH-23-0230.3867;UA63;UA6304;UA6304009;
HH-23-0230.3868;UA63;UA6304;UA6304009;
HH-23-0230.3869;UA63;UA6304;UA6304009;
HH-23-0230.3870;UA63;UA6304;UA6304009;
HH-23-0230.3871;UA63;UA6304;UA6304009;
HH-23-0230.3872;UA63;UA6304;UA6304009;
HH-23-0230.3873;UA63;UA6304;UA6304009;
HH-23-0230.3874;UA63;UA6304;UA6304009;
HH-23-0230.3875;UA63;UA6304;UA6304009;
HH-23-0230.3876;UA63;UA6304;UA6304009;
HH-23-0230.3877;UA63;UA6304;UA6304009;
HH-23-0230.3878;UA63;UA6304;UA6304009;
HH-23-0230.3879;UA63;UA6304;UA6304009;
HH-23-0230.3880;UA63;UA6304;UA6304009;
HH-23-0230.3881;UA63;UA6304;UA6304009;
HH-23-0230.3882;UA63;UA6304;UA6304009;
HH-23-0230.3883;UA63;UA6304;UA6304009;
HH-23-0230.3884;UA63;UA6304;UA6304009;
HH-23-0230.3885;UA63;UA6304;UA6304009;
HH-23-0230.3886;UA63;UA6304;UA6304009;
HH-23-0230.3887;UA63;UA6304;UA6304009;
HH-23-0230.3888;UA63;UA6304;UA6304009;
HH-23-0230.3889;UA63;UA6304;UA6304009;
HH-23-0230.3890;UA63;UA6304;UA6304009;
HH-23-0230.3891;UA63;UA6304;UA6304009;
HH-23-0230.3892;UA63;UA6304;UA6304009;
HH-23-0230.3893;UA63;UA6304;UA6304009;
HH-23-0230.3894;UA63;UA6304;UA6304009;
HH-23-0230.3895;UA63;UA6304;UA6304009;
HH-23-0230.3896;UA63;UA6304;UA6304009;
HH-23-0230.3897;UA63;UA6304;UA6304009;
HH-23-0230.3898;UA63;UA6304;UA6304009;
HH-23-0230.3899;UA63;UA6304;UA6304009;
HH-23-0230.3900;UA63;UA6304;UA6304009;
HH-23-0230.3901;UA63;UA6304;UA6304009;
HH-23-0230.3902;UA63;UA6304;UA6304009;
HH-23-0230.3903;UA63;UA6304;UA6304009;
HH-23-0230.3904;UA63;UA6304;UA6304009;
HH-23-0230.3905;UA63;UA6304;UA6304009;
HH-23-0230.3906;UA63;UA6304;UA6304009;
HH-23-0230.3907;UA63;UA6304;UA6304009;
HH-23-0230.3908;UA63;UA6304;UA6304009;
HH-23-0230.3909;UA63;UA6304;UA6304009;
HH-23-0230.3910;UA63;UA6304;UA6304009;
HH-23-0230.3911;UA63;UA6304;UA6304009;
HH-23-0230.3912;UA63;UA6304;UA6304009;
HH-23-0230.3913;UA63;UA6304;UA6304009;
HH-23-0230.3914;UA63;UA6304;UA6304009;
HH-23-0230.3915;UA63;UA6304;UA6304009;
HH-23-0230.3916;UA63;UA6304;UA6304009;
HH-23-0230.3917;UA63;UA6304;UA6304009;
HH-23-0230.3918;UA63;UA6304;UA6304009;
HH-23-0230.3919;UA63;UA6304;UA6304009;
HH-23-0230.3920;UA63;UA6304;UA6304009;
HH-23-0230.3921;UA63;UA6304;UA6304009;
HH-23-0230.3922;UA63;UA6304;UA6304009;
HH-23-0230.3923;UA63;UA6304;UA6304009;
HH-23-0230.3924;UA63;UA6304;UA6304009;
HH-23-0230.3925;UA63;UA6304;UA6304009;
HH-23-0230.3926;UA63;UA6304;UA6304009;
HH-23-0230.3927;UA63;UA6304;UA6304009;
HH-23-0230.3928;UA63;UA6304;UA6304009;
HH-23-0230.3929;UA63;UA6304;UA6304009;
HH-23-0230.3930;UA63;UA6304;UA6304009;
HH-23-0230.3931;UA63;UA6304;UA6304009;
HH-23-0230.3932;UA63;UA6304;UA6304009;
HH-23-0230.3933;UA63;UA6304;UA6304009;
HH-23-0230.3934;UA63;UA6304;UA6304009;
HH-23-0230.3935;UA63;UA6304;UA6304009;
HH-23-0230.3936;UA63;UA6304;UA6304009;
HH-23-0230.3937;UA63;UA6304;UA6304009;
HH-23-0230.3938;UA63;UA6304;UA6304009;
HH-23-0230.3939;UA63;UA6304;UA6304009;
HH-23-0230.3940;UA63;UA6304;UA6304009;
HH-23-0230.3941;UA63;UA6304;UA6304009;
HH-23-0230.3942;UA63;UA6304;UA6304009;
HH-23-0230.3943;UA63;UA6304;UA6304009;
HH-23-0230.3944;UA63;UA6304;UA6304009;
HH-23-0230.3945;UA63;UA6304;UA6304009;
HH-23-0230.3946;UA63;UA6304;UA6304009;
HH-23-0230.3947;UA63;UA6304;UA6304009;
HH-23-0230.3948;UA63;UA6304;UA6304009;
HH-23-0230.3949;UA63;UA6304;UA6304009;
HH-23-0230.3950;UA63;UA6304;UA6304009;
HH-23-0230.3951;UA63;UA6304;UA6304009;
HH-23-0230.3952;UA63;UA6304;UA6304009;
HH-23-0230.3953;UA63;UA6304;UA6304009;
HH-23-0230.3954;UA63;UA6304;UA6304009;
HH-23-0230.3955;UA63;UA6304;UA6304009;
HH-23-0230.3956;UA63;UA6304;UA6304009;
HH-23-0230.3957;UA63;UA6304;UA6304009;
HH-23-0230.3958;UA63;UA6304;UA6304009;
HH-23-0230.3959;UA63;UA6304;UA6304009;
HH-23-0230.3960;UA63;UA6304;UA6304009;
HH-23-0230.3961;UA63;UA6304;UA6304009;
HH-23-0230.3962;UA63;UA6304;UA6304009;
HH-23-0230.3963;UA63;UA6304;UA6304009;
HH-23-0230.3964;UA63;UA6304;UA6304009;
HH-23-0230.3965;UA63;UA6304;UA6304009;
HH-23-0230.3966;UA63;UA6304;UA6304009;
HH-23-0230.3967;UA63;UA6304;UA6304009;
HH-23-0230.3968;UA63;UA6304;UA6304009;
HH-23-0230.3969;UA63;UA6304;UA6304009;
HH-23-0230.3970;UA63;UA6304;UA6304009;
HH-23-0230.3971;UA63;UA6304;UA6304009;
HH-23-0230.3972;UA63;UA6304;UA6304009;
HH-23-0230.3973;UA63;UA6304;UA6304009;
HH-23-0230.3974;UA63;UA6304;UA6304009;
HH-23-0230.3975;UA63;UA6304;UA6304009;
HH-23-0230.3976;UA63;UA6304;UA6304009;
HH-23-0230.3977;UA63;UA6304;UA6304009;
HH-23-0230.3978;UA63;UA6304;UA6304009;
HH-23-0230.3979;UA63;UA6304;UA6304009;
HH-23-0230.3980;UA63;UA6304;UA6304009;
HH-23-0230.3981;UA63;UA6304;UA6304009;
HH-23-0230.3982;UA63;UA6304;UA6304009;
HH-23-0230.3983;UA63;UA6304;UA6304009;
HH-23-0230.3984;UA63;UA6304;UA6304009;
HH-23-0230.3985;UA63;UA6304;UA6304009;
HH-23-0230.3986;UA63;UA6304;UA6304009;
HH-23-0230.3987;UA63;UA6304;UA6304009;
HH-23-0230.3988;UA63;UA6304;UA6304009;
HH-23-0230.3989;UA63;UA6304;UA6304009;
HH-23-0230.3990;UA63;UA6304;UA6304009;
HH-23-0230.3991;UA63;UA6304;UA6304009;
HH-23-0230.3992;UA63;UA6304;UA6304009;
HH-23-0230.3993;UA63;UA6304;UA6304009;
HH-23-0230.3994;UA63;UA6304;UA6304009;
HH-23-0230.3995;UA63;UA6304;UA6304009;
HH-23-0230.3996;UA63;UA6304;UA6304009;
HH-23-0230.3997;UA63;UA6304;UA6304009;
HH-23-0230.3998;UA63;UA6304;UA6304009;
HH-23-0230.3999;UA63;UA6304;UA6304009;
HH-23-0230.4000;UA63;UA6304;UA6304009;
HH-23-0230.4001;UA63;UA6304;UA6304009;
HH-23-0230.4002;UA63;UA6304;UA6304009;
HH-23-0230.4003;UA63;UA6304;UA6304009;
HH-23-0230.4004;UA63;UA6304;UA6304009;
HH-23-0230.4005;UA63;UA6304;UA6304009;
HH-23-0230.4006;UA63;UA6304;UA6304009;
HH-23-0230.4007;UA63;UA6304;UA6304009;
HH-23-0230.4008;UA63;UA6304;UA6304009;
HH-23-0230.4009;UA63;UA6304;UA6304009;
HH-23-0230.4010;UA63;UA6304;UA6304009;
HH-23-0230.4011;UA63;UA6304;UA6304009;
HH-23-0230.4012;UA63;UA6304;UA6304009;
HH-23-0230.4013;UA63;UA6304;UA6304009;
HH-23-0230.4014;UA63;UA6304;UA6304009;
HH-23-0230.4015;UA63;UA6304;UA6304009;
HH-23-0230.4016;UA63;UA6304;UA6304009;
HH-23-0230.4017;UA63;UA6304;UA6304009;
HH-23-0230.4018;UA63;UA6304;UA6304009;
HH-23-0230.4019;UA63;UA6304;UA6304009;
HH-23-0230.4020;UA63;UA6304;UA6304009;
HH-23-0230.4021;UA63;UA6304;UA6304009;
HH-23-0230.4022;UA63;UA6304;UA6304009;
HH-23-0230.4023;UA63;UA6304;UA6304009;
HH-23-0230.4024;UA63;UA6304;UA6304009;
HH-23-0230.4025;UA63;UA6304;UA6304009;
HH-23-0230.4026;UA63;UA6304;UA6304009;
HH-23-0230.4027;UA63;UA6304;UA6304009;
HH-23-0230.4028;UA63;UA6304;UA6304009;
HH-23-0230.4029;UA63;UA6304;UA6304009;
HH-23-0230.4030;UA63;UA6304;UA6304009;
HH-23-0230.4031;UA63;UA6304;UA6304009;
HH-23-0230.4032;UA63;UA6304;UA6304009;
HH-23-0230.4033;UA63;UA6304;UA6304009;
HH-23-0230.4034;UA63;UA6304;UA6304009;
HH-23-0230.4035;UA63;UA6304;UA6304009;
HH-23-0230.4036;UA63;UA6304;UA6304009;
HH-23-0230.4037;UA63;UA6304;UA6304009;
HH-23-0230.4038;UA63;UA6304;UA6304009;
HH-23-0230.4039;UA63;UA6304;UA6304009;
HH-23-0230.4040;UA63;UA6304;UA6304009;
HH-23-0230.4041;UA63;UA6304;UA6304009;
HH-23-0230.4042;UA63;UA6304;UA6304009;
HH-23-0230.4043;UA63;UA6304;UA6304009;
HH-23-0230.4044;UA63;UA6304;UA6304009;
HH-23-0230.4045;UA63;UA6304;UA6304009;
HH-23-0230.4046;UA63;UA6304;UA6304009;
HH-23-0230.4047;UA63;UA6304;UA6304009;
HH-23-0230.4048;UA63;UA6304;UA6304009;
HH-23-0230.4049;UA63;UA6304;UA6304009;
HH-23-0230.4050;UA63;UA6304;UA6304009;
HH-23-0230.4051;UA63;UA6304;UA6304009;
HH-23-0230.4052;UA63;UA6304;UA6304009;
HH-23-0230.4053;UA63;UA6304;UA6304009;
HH-23-0230.4054;UA63;UA6304;UA6304009;
HH-23-0230.4055;UA63;UA6304;UA6304009;
HH-23-0230.4056;UA63;UA6304;UA6304009;
HH-23-0230.4057;UA63;UA6304;UA6304009;
HH-23-0230.4058;UA63;UA6304;UA6304009;
HH-23-0230.4059;UA63;UA6304;UA6304009;
HH-23-0230.4060;UA63;UA6304;UA6304009;
HH-23-0230.4061;UA63;UA6304;UA6304009;
HH-23-0230.4062;UA63;UA6304;UA6304009;
HH-23-0230.4063;UA63;UA6304;UA6304009;
HH-23-0230.4064;UA63;UA6304;UA6304009;
HH-23-0230.4065;UA63;UA6304;UA6304009;
HH-23-0230.4066;UA63;UA6304;UA6304009;
HH-23-0230.4067;UA63;UA6304;UA6304009;
HH-23-0230.4068;UA63;UA6304;UA6304009;
HH-23-0230.4069;UA63;UA6304;UA6304009;
HH-23-0230.4070;UA63;UA6304;UA6304009;
HH-23-0230.4071;UA63;UA6304;UA6304009;
HH-23-0230.4072;UA63;UA6304;UA6304009;
HH-23-0230.4073;UA63;UA6304;UA6304009;
HH-23-0230.4074;UA63;UA6304;UA6304009;
HH-23-0230.4075;UA63;UA6304;UA6304009;
HH-23-0230.4076;UA63;UA6304;UA6304009;
HH-23-0230.4077;UA63;UA6304;UA6304009;
HH-23-0230.4078;UA63;UA6304;UA6304009;
HH-23-0230.4079;UA63;UA6304;UA6304009;
HH-23-0230.4080;UA63;UA6304;UA6304009;
HH-23-0230.4081;UA63;UA6304;UA6304009;
HH-23-0230.4082;UA63;UA6304;UA6304009;
HH-23-0230.4083;UA63;UA6304;UA6304009;
HH-23-0230.4084;UA63;UA6304;UA6304009;
HH-23-0230.4085;UA63;UA6304;UA6304009;
HH-23-0230.4086;UA63;UA6304;UA6304009;
HH-23-0230.4087;UA63;UA6304;UA6304009;
HH-23-0230.4088;UA63;UA6304;UA6304009;
HH-23-0230.4089;UA63;UA6304;UA6304009;
HH-23-0230.4090;UA63;UA6304;UA6304009;
HH-23-0230.4091;UA63;UA6304;UA6304009;
HH-23-0230.4092;UA63;UA6304;UA6304009;
HH-23-0230.4093;UA63;UA6304;UA6304009;
HH-23-0230.4094;UA63;UA6304;UA6304009;
HH-23-0230.4095;UA63;UA6304;UA6304009;
HH-23-0230.4096;UA63;UA6304;UA6304009;
HH-23-0230.4097;UA63;UA6304;UA6304009;
HH-23-0230.4098;UA63;UA6304;UA6304009;
HH-23-0230.4099;UA63;UA6304;UA6304009;
HH-23-0230.4100;UA63;UA6304;UA6304009;
HH-23-0230.4101;UA63;UA6304;UA6304009;
HH-23-0230.4102;UA63;UA6304;UA6304009;
HH-23-0230.4103;UA63;UA6304;UA6304009;
HH-23-0230.4104;UA63;UA6304;UA6304009;
HH-23-0230.4105;UA63;UA6304;UA6304009;
HH-23-0230.4106;UA63;UA6304;UA6304009;
HH-23-0230.4107;UA63;UA6304;UA6304009;
HH-23-0230.4108;UA63;UA6304;UA6304009;
HH-23-0230.4109;UA63;UA6304;UA6304009;
HH-23-0230.4110;UA63;UA6304;UA6304009;
HH-23-0230.4111;UA63;UA6304;UA6304009;
HH-23-0230.4112;UA63;UA6304;UA6304009;
HH-23-0230.4113;UA63;UA6304;UA6304009;
HH-23-0230.4114;UA63;UA6304;UA6304009;
HH-23-0230.4115;UA63;UA6304;UA6304009;
HH-23-0230.4116;UA63;UA6304;UA6304009;
HH-23-0230.4117;UA63;UA6304;UA6304009;
HH-23-0230.4118;UA63;UA6304;UA6304009;
HH-23-0230.4119;UA63;UA6304;UA6304009;
HH-23-0230.4120;UA63;UA6304;UA6304009;
HH-23-0230.4121;UA63;UA6304;UA6304009;
HH-23-0230.4122;UA63;UA6304;UA6304009;
HH-23-0230.4123;UA63;UA6304;UA6304009;
HH-23-0230.4124;UA63;UA6304;UA6304009;
HH-23-0230.4125;UA63;UA6304;UA6304009;
HH-23-0230.4126;UA63;UA6304;UA6304009;
HH-23-0230.4127;UA63;UA6304;UA6304009;
HH-23-0230.4128;UA63;UA6304;UA6304009;
HH-23-0230.4129;UA63;UA6304;UA6304009;
HH-23-0230.4130;UA63;UA6304;UA6304009;
HH-23-0230.4131;UA63;UA6304;UA6304009;
HH-23-0230.4132;UA63;UA6304;UA6304009;
HH-23-0230.4133;UA63;UA6304;UA6304009;
HH-23-0230.4134;UA63;UA6304;UA6304009;
HH-23-0230.4135;UA63;UA6304;UA6304009;
HH-23-0230.4136;UA63;UA6304;UA6304009;
HH-23-0230.4137;UA63;UA6304;UA6304009;
HH-23-0230.4138;UA63;UA6304;UA6304009;
HH-23-0230.4139;UA63;UA6304;UA6304009;
HH-23-0230.4140;UA63;UA6304;UA6304009;
HH-23-0230.4141;UA63;UA6304;UA6304009;
HH-23-0230.4142;UA63;UA6304;UA6304009;
HH-23-0230.4143;UA63;UA6304;UA6304009;
HH-23-0230.4144;UA63;UA6304;UA6304009;
HH-23-0230.4145;UA63;UA6304;UA6304009;
HH-23-0230.4146;UA63;UA6304;UA6304009;
HH-23-0230.4147;UA63;UA6304;UA6304009;
HH-23-0230.4148;UA63;UA6304;UA6304009;
HH-23-0230.4149;UA63;UA6304;UA6304009;
HH-23-0230.4150;UA63;UA6304;UA6304009;
HH-23-0230.4151;UA63;UA6304;UA6304009;
HH-23-0230.4152;UA63;UA6304;UA6304009;
HH-23-0230.4153;UA63;UA6304;UA6304009;
HH-23-0230.4154;UA63;UA6304;UA6304009;
HH-23-0230.4155;UA63;UA6304;UA6304009;
HH-23-0230.4156;UA63;UA6304;UA6304009;
HH-23-0230.4157;UA63;UA6304;UA6304009;
HH-23-0230.4158;UA63;UA6304;UA6304009;
HH-23-0230.4159;UA63;UA6304;UA6304009;
HH-23-0230.4160;UA63;UA6304;UA6304009;
HH-23-0230.4161;UA63;UA6304;UA6304009;
HH-23-0230.4162;UA63;UA6304;UA6304009;
HH-23-0230.4163;UA63;UA6304;UA6304009;
HH-23-0230.4164;UA63;UA6304;UA6304009;
HH-23-0230.4165;UA63;UA6304;UA6304009;
HH-23-0230.4166;UA63;UA6304;UA6304009;
HH-23-0230.4167;UA63;UA6304;UA6304009;
HH-23-0230.4168;UA63;UA6304;UA6304009;
HH-23-0230.4169;UA63;UA6304;UA6304009;
HH-23-0230.4170;UA63;UA6304;UA6304009;
HH-23-0230.4171;UA63;UA6304;UA6304009;
HH-23-0230.4172;UA63;UA6304;UA6304009;
HH-23-0230.4173;UA63;UA6304;UA6304009;
HH-23-0230.4174;UA63;UA6304;UA6304009;
HH-23-0230.4175;UA63;UA6304;UA6304009;
HH-23-0230.4176;UA63;UA6304;UA6304009;
HH-23-0230.4177;UA63;UA6304;UA6304009;
HH-23-0230.4178;UA63;UA6304;UA6304009;
HH-23-0230.4179;UA63;UA6304;UA6304009;
HH-23-0230.4180;UA63;UA6304;UA6304009;
HH-23-0230.4181;UA63;UA6304;UA6304009;
HH-23-0230.4182;UA63;UA6304;UA6304009;
HH-23-0230.4183;UA63;UA6304;UA6304009;
HH-23-0230.4184;UA63;UA6304;UA6304009;
HH-23-0230.4185;UA63;UA6304;UA6304009;
HH-23-0230.4186;UA63;UA6304;UA6304009;
HH-23-0230.4187;UA63;UA6304;UA6304009;
HH-23-0230.4188;UA63;UA6304;UA6304009;
HH-23-0230.4189;UA63;UA6304;UA6304009;
HH-23-0230.4190;UA63;UA6304;UA6304009;
HH-23-0230.4191;UA63;UA6304;UA6304009;
HH-23-0230.4192;UA63;UA6304;UA6304009;
HH-23-0230.4193;UA63;UA6304;UA6304009;
HH-23-0230.4194;UA63;UA6304;UA6304009;
HH-23-0230.4195;UA63;UA6304;UA6304009;
HH-23-0230.4196;UA63;UA6304;UA6304009;
HH-23-0230.4197;UA63;UA6304;UA6304009;
HH-23-0230.4198;UA63;UA6304;UA6304009;
HH-23-0230.4199;UA63;UA6304;UA6304009;
HH-23-0230.4200;UA63;UA6304;UA6304009;
HH-23-0230.4201;UA63;UA6304;UA6304009;
HH-23-0230.4202;UA63;UA6304;UA6304009;
HH-23-0230.4203;UA63;UA6304;UA6304009;
HH-23-0230.4204;UA63;UA6304;UA6304009;
HH-23-0230.4205;UA63;UA6304;UA6304009;
HH-23-0230.4206;UA63;UA6304;UA6304009;
HH-23-0230.4207;UA63;UA6304;UA6304009;
HH-23-0230.4208;UA63;UA6304;UA6304009;
HH-23-0230.4209;UA63;UA6304;UA6304009;
HH-23-0230.4210;UA63;UA6304;UA6304009;
HH-23-0230.4211;UA63;UA6304;UA6304009;
HH-23-0230.4212;UA63;UA6304;UA6304009;
HH-23-0230.4213;UA63;UA6304;UA6304009;
HH-23-0230.4214;UA63;UA6304;UA6304009;
HH-23-0230.4215;UA63;UA6304;UA6304009;
HH-23-0230.4216;UA63;UA6304;UA6304009;
HH-23-0230.4217;UA63;UA6304;UA6304009;
HH-23-0230.4218;UA63;UA6304;UA6304009;
HH-23-0230.4219;UA63;UA6304;UA6304009;
HH-23-0230.4220;UA63;UA6304;UA6304009;
HH-23-0230.4221;UA63;UA6304;UA6304009;
HH-23-0230.4222;UA63;UA6304;UA6304009;
HH-23-0230.4223;UA63;UA6304;UA6304009;
HH-23-0230.4224;UA63;UA6304;UA6304009;
HH-23-0230.4225;UA63;UA6304;UA6304009;
HH-23-0230.4226;UA63;UA6304;UA6304009;
HH-23-0230.4227;UA63;UA6304;UA6304009;
HH-23-0230.4228;UA63;UA6304;UA6304009;
HH-23-0230.4229;UA63;UA6304;UA6304009;
HH-23-0230.4230;UA63;UA6304;UA6304009;
HH-23-0230.4231;UA63;UA6304;UA6304009;
HH-23-0230.4232;UA63;UA6304;UA6304009;
HH-23-0230.4233;UA63;UA6304;UA6304009;
HH-23-0230.4234;UA63;UA6304;UA6304009;
HH-23-0230.4235;UA63;UA6304;UA6304009;
HH-23-0230.4236;UA63;UA6304;UA6304009;
HH-23-0230.4237;UA63;UA6304;UA6304009;
HH-23-0230.4238;UA63;UA6304;UA6304009;
HH-23-0230.4239;UA63;UA6304;UA6304009;
HH-23-0230.4240;UA63;UA6304;UA6304009;
HH-23-0230.4241;UA63;UA6304;UA6304009;
HH-23-0230.4242;UA63;UA6304;UA6304009;
HH-23-0230.4243;UA63;UA6304;UA6304009;
HH-23-0230.4244;UA63;UA6304;UA6304009;
HH-23-0230.4245;UA63;UA6304;UA6304009;
HH-23-0230.4246;UA63;UA6304;UA6304009;
HH-23-0230.4247;UA63;UA6304;UA6304009;
HH-23-0230.4248;UA63;UA6304;UA6304009;
HH-23-0230.4249;UA63;UA6304;UA6304009;
HH-23-0230.4250;UA63;UA6304;UA6304009;
HH-23-0230.4251;UA63;UA6304;UA6304009;
HH-23-0230.4252;UA63;UA6304;UA6304009;
HH-23-0230.4253;UA63;UA6304;UA6304009;
HH-23-0230.4254;UA63;UA6304;UA6304009;
HH-23-0230.4255;UA63;UA6304;UA6304009;
HH-23-0230.4256;UA63;UA6304;UA6304009;
HH-23-0230.4257;UA63;UA6304;UA6304009;
HH-23-0230.4258;UA63;UA6304;UA6304009;
HH-23-0230.4259;UA63;UA6304;UA6304009;
HH-23-0230.4260;UA63;UA6304;UA6304009;
HH-23-0230.4261;UA63;UA6304;UA6304009;
HH-23-0230.4262;UA63;UA6304;UA6304009;
HH-23-0230.4263;UA63;UA6304;UA6304009;
HH-23-0230.4264;UA63;UA6304;UA6304009;
HH-23-0230.4265;UA63;UA6304;UA6304009;
HH-23-0230.4266;UA63;UA6304;UA6304009;
HH-23-0230.4267;UA63;UA6304;UA6304009;
HH-23-0230.4268;UA63;UA6304;UA6304009;
HH-23-0230.4269;UA63;UA6304;UA6304009;
HH-23-0230.4270;UA63;UA6304;UA6304009;
HH-23-0230.4271;UA63;UA6304;UA6304009;
HH-23-0230.4272;UA63;UA6304;UA6304009;
HH-23-0230.4273;UA63;UA6304;UA6304009;
HH-23-0230.4274;UA63;UA6304;UA6304009;
HH-23-0230.4275;UA63;UA6304;UA6304009;
HH-23-0230.4276;UA63;UA6304;UA6304009;
HH-23-0230.4277;UA63;UA6304;UA6304009;
HH-23-0230.4278;UA63;UA6304;UA6304009;
HH-23-0230.4279;UA63;UA6304;UA6304009;
HH-23-0230.4280;UA63;UA6304;UA6304009;
HH-23-0230.4281;UA63;UA6304;UA6304009;
HH-23-0230.4282;UA63;UA6304;UA6304009;
HH-23-0230.4283;UA63;UA6304;UA6304009;
HH-23-0230.4284;UA63;UA6304;UA6304009;
HH-23-0230.4285;UA63;UA6304;UA6304009;
HH-23-0230.4286;UA63;UA6304;UA6304009;
HH-23-0230.4287;UA63;UA6304;UA6304009;
HH-23-0230.4288;UA63;UA6304;UA6304009;
HH-23-0230.4289;UA63;UA6304;UA6304009;
HH-23-0230.4290;UA63;UA6304;UA6304009;
HH-23-0230.4291;UA63;UA6304;UA6304009;
HH-23-0230.4292;UA63;UA6304;UA6304009;
HH-23-0230.4293;UA63;UA6304;UA6304009;
HH-23-0230.4294;UA63;UA6304;UA6304009;
HH-23-0230.4295;UA63;UA6304;UA6304009;
HH-23-0230.4296;UA63;UA6304;UA6304009;
HH-23-0230.4297;UA63;UA6304;UA6304009;
HH-23-0230.4298;UA63;UA6304;UA6304009;
HH-23-0230.4299;UA63;UA6304;UA6304009;
HH-23-0230.4300;UA63;UA6304;UA6304009;
HH-23-0230.4301;UA63;UA6304;UA6304009;
HH-23-0230.4302;UA63;UA6304;UA6304009;
HH-23-0230.4303;UA63;UA6304;UA6304009;
HH-23-0230.4304;UA63;UA6304;UA6304009;
HH-23-0230.4305;UA63;UA6304;UA6304009;
HH-23-0230.4306;UA63;UA6304;UA6304009;
HH-23-0230.4307;UA63;UA6304;UA6304009;
HH-23-0230.4308;UA63;UA6304;UA6304009;
HH-23-0230.4309;UA63;UA6304;UA6304009;
HH-23-0230.4310;UA63;UA6304;UA6304009;
HH-23-0230.4311;UA63;UA6304;UA6304009;
HH-23-0230.4312;UA63;UA6304;UA6304009;
HH-23-0230.4313;UA63;UA6304;UA6304009;
HH-23-0230.4314;UA63;UA6304;UA6304009;
HH-23-0230.4315;UA63;UA6304;UA6304009;
HH-23-0230.4316;UA63;UA6304;UA6304009;
HH-23-0230.4317;UA63;UA6304;UA6304009;
HH-23-0230.4318;UA63;UA6304;UA6304009;
HH-23-0230.4319;UA63;UA6304;UA6304009;
HH-23-0230.4320;UA63;UA6304;UA6304009;
HH-23-0230.4321;UA63;UA6304;UA6304009;
HH-23-0230.4322;UA63;UA6304;UA6304009;
HH-23-0230.4323;UA63;UA6304;UA6304009;
HH-23-0230.4324;UA63;UA6304;UA6304009;
HH-23-0230.4325;UA63;UA6304;UA6304009;
HH-23-0230.4326;UA63;UA6304;UA6304009;
HH-23-0230.4327;UA63;UA6304;UA6304009;
HH-23-0230.4328;UA63;UA6304;UA6304009;
HH-23-0230.4329;UA63;UA6304;UA6304009;
HH-23-0230.4330;UA63;UA6304;UA6304009;
HH-23-0230.4331;UA63;UA6304;UA6304009;
HH-23-0230.4332;UA63;UA6304;UA6304009;
HH-23-0230.4333;UA63;UA6304;UA6304009;
HH-23-0230.4334;UA63;UA6304;UA6304009;
HH-23-0230.4335;UA63;UA6304;UA6304009;
HH-23-0230.4336;UA63;UA6304;UA6304009;
HH-23-0230.4337;UA63;UA6304;UA6304009;
HH-23-0230.4338;UA63;UA6304;UA6304009;
HH-23-0230.4339;UA63;UA6304;UA6304009;
HH-23-0230.4340;UA63;UA6304;UA6304009;
HH-23-0230.4341;UA63;UA6304;UA6304009;
HH-23-0230.4342;UA63;UA6304;UA6304009;
HH-23-0230.4343;UA63;UA6304;UA6304009;
HH-23-0230.4344;UA63;UA6304;UA6304009;
HH-23-0230.4345;UA63;UA6304;UA6304009;
HH-23-0230.4346;UA63;UA6304;UA6304009;
HH-23-0230.4347;UA63;UA6304;UA6304009;
HH-23-0230.4348;UA63;UA6304;UA6304009;
HH-23-0230.4349;UA63;UA6304;UA6304009;
HH-23-0230.4350;UA63;UA6304;UA6304009;
HH-23-0230.4351;UA63;UA6304;UA6304009;
HH-23-0230.4352;UA63;UA6304;UA6304009;
HH-23-0230.4353;UA63;UA6304;UA6304009;
HH-23-0230.4354;UA63;UA6304;UA6304009;
HH-23-0230.4355;UA63;UA6304;UA6304009;
HH-23-0230.4356;UA63;UA6304;UA6304009;
HH-23-0230.4357;UA63;UA6304;UA6304009;
HH-23-0230.4358;UA63;UA6304;UA6304009;
HH-23-0230.4359;UA63;UA6304;UA6304009;
HH-23-0230.4360;UA63;UA6304;UA6304009;
HH-23-0230.4361;UA63;UA6304;UA6304009;
HH-23-0230.4362;UA63;UA6304;UA6304009;
HH-23-0230.4363;UA63;UA6304;UA6304009;
HH-23-0230.4364;UA63;UA6304;UA6304009;
HH-23-0230.4365;UA63;UA6304;UA6304009;
HH-23-0230.4366;UA63;UA6304;UA6304009;
HH-23-0230.4367;UA63;UA6304;UA6304009;
HH-23-0230.4368;UA63;UA6304;UA6304009;
HH-23-0230.4369;UA63;UA6304;UA6304009;
HH-23-0230.4370;UA63;UA6304;UA6304009;
HH-23-0230.4371;UA63;UA6304;UA6304009;
HH-23-0230.4372;UA63;UA6304;UA6304009;
HH-23-0230.4373;UA63;UA6304;UA6304009;
HH-23-0230.4374;UA63;UA6304;UA6304009;
HH-23-0230.4375;UA63;UA6304;UA6304009;
HH-23-0230.4376;UA63;UA6304;UA6304009;
HH-23-0230.4377;UA63;UA6304;UA6304009;
HH-23-0230.4378;UA63;UA6304;UA6304009;
HH-23-0230.4379;UA63;UA6304;UA6304009;
HH-23-0230.4380;UA63;UA6304;UA6304009;
HH-23-0230.4381;UA63;UA6304;UA6304009;
HH-23-0230.4382;UA63;UA6304;UA6304009;
HH-23-0230.4383;UA63;UA6304;UA6304009;
HH-23-0230.4384;UA63;UA6304;UA6304009;
HH-23-0230.4385;UA63;UA6304;UA6304009;
HH-23-0230.4386;UA63;UA6304;UA6304009;
HH-23-0230.4387;UA63;UA6304;UA6304009;
HH-23-0230.4388;UA63;UA6304;UA6304009;
HH-23-0230.4389;UA63;UA6304;UA6304009;
HH-23-0230.4390;UA63;UA6304;UA6304009;
HH-23-0230.4391;UA63;UA6304;UA6304009;
HH-23-0230.4392;UA63;UA6304;UA6304009;
HH-23-0230.4393;UA63;UA6304;UA6304009;
HH-23-0230.4394;UA63;UA6304;UA6304009;
HH-23-0230.4395;UA63;UA6304;UA6304009;
HH-23-0230.4396;UA63;UA6304;UA6304009;
HH-23-0230.4397;UA63;UA6304;UA6304009;
HH-23-0230.4398;UA63;UA6304;UA6304009;
HH-23-0230.4399;UA63;UA6304;UA6304009;
HH-23-0230.4400;UA63;UA6304;UA6304009;
HH-23-0230.4401;UA63;UA6304;UA6304009;
HH-23-0230.4402;UA63;UA6304;UA6304009;
HH-23-0230.4403;UA63;UA6304;UA6304009;
HH-23-0230.4404;UA63;UA6304;UA6304009;
HH-23-0230.4405;UA63;UA6304;UA6304009;
HH-23-0230.4406;UA63;UA6304;UA6304009;
HH-23-0230.4407;UA63;UA6304;UA6304009;
HH-23-0230.4408;UA63;UA6304;UA6304009;
HH-23-0230.4409;UA63;UA6304;UA6304009;
HH-23-0230.4410;UA63;UA6304;UA6304009;
HH-23-0230.4411;UA63;UA6304;UA6304009;
HH-23-0230.4412;UA63;UA6304;UA6304009;
HH-23-0230.4413;UA63;UA6304;UA6304009;
HH-23-0230.4414;UA63;UA6304;UA6304009;
HH-23-0230.4415;UA63;UA6304;UA6304009;
HH-23-0230.4416;UA63;UA6304;UA6304009;
HH-23-0230.4417;UA63;UA6304;UA6304009;
HH-23-0230.4418;UA63;UA6304;UA6304009;
HH-23-0230.4419;UA63;UA6304;UA6304009;
HH-23-0230.4420;UA63;UA6304;UA6304009;
HH-23-0230.4421;UA63;UA6304;UA6304009;
HH-23-0230.4422;UA63;UA6304;UA6304009;
HH-23-0230.4423;UA63;UA6304;UA6304009;
HH-23-0230.4424;UA63;UA6304;UA6304009;
HH-23-0230.4425;UA63;UA6304;UA6304009;
HH-23-0230.4426;UA63;UA6304;UA6304009;
HH-23-0230.4427;UA63;UA6304;UA6304009;
HH-23-0230.4428;UA63;UA6304;UA6304009;
HH-23-0230.4429;UA63;UA6304;UA6304009;
HH-23-0230.4430;UA63;UA6304;UA6304009;
HH-23-0230.4431;UA63;UA6304;UA6304009;
HH-23-0230.4432;UA63;UA6304;UA6304009;
HH-23-0230.4433;UA63;UA6304;UA6304009;
HH-23-0230.4434;UA63;UA6304;UA6304009;
HH-23-0230.4435;UA63;UA6304;UA6304009;
HH-23-0230.4436;UA63;UA6304;UA6304009;
HH-23-0230.4437;UA63;UA6304;UA6304009;
HH-23-0230.4438;UA63;UA6304;UA6304009;
HH-23-0230.4439;UA63;UA6304;UA6304009;
HH-23-0230.4440;UA63;UA6304;UA6304009;
HH-23-0230.4441;UA63;UA6304;UA6304009;
HH-23-0230.4442;UA63;UA6304;UA6304009;
HH-23-0230.4443;UA63;UA6304;UA6304009;
HH-23-0230.4444;UA63;UA6304;UA6304009;
HH-23-0230.4445;UA63;UA6304;UA6304009;
HH-23-0230.4446;UA63;UA6304;UA6304009;
HH-23-0230.4447;UA63;UA6304;UA6304009;
HH-23-0230.4448;UA63;UA6304;UA6304009;
HH-23-0230.4449;UA63;UA6304;UA6304009;
HH-23-0230.4450;UA63;UA6304;UA6304009;
HH-23-0230.4451;UA63;UA6304;UA6304009;
HH-23-0230.4452;UA63;UA6304;UA6304009;
HH-23-0230.4453;UA63;UA6304;UA6304009;
HH-23-0230.4454;UA63;UA6304;UA6304009;
HH-23-0230.4455;UA63;UA6304;UA6304009;
HH-23-0230.4456;UA63;UA6304;UA6304009;
HH-23-0230.4457;UA63;UA6304;UA6304009;
HH-23-0230.4458;UA63;UA6304;UA6304009;
HH-23-0230.4459;UA63;UA6304;UA6304009;
HH-23-0230.4460;UA63;UA6304;UA6304009;
HH-23-0230.4461;UA63;UA6304;UA6304009;
HH-23-0230.4462;UA63;UA6304;UA6304009;
HH-23-0230.4463;UA63;UA6304;UA6304009;
HH-23-0230.4464;UA63;UA6304;UA6304009;
HH-23-0230.4465;UA63;UA6304;UA6304009;
HH-23-0230.4466;UA63;UA6304;UA6304009;
HH-23-0230.4467;UA63;UA6304;UA6304009;
HH-23-0230.4468;UA63;UA6304;UA6304009;
HH-23-0230.4469;UA63;UA6304;UA6304009;
HH-23-0230.4470;UA63;UA6304;UA6304009;
HH-23-0230.4471;UA63;UA6304;UA6304009;
HH-23-0230.4472;UA63;UA6304;UA6304009;
HH-23-0230.4473;UA63;UA6304;UA6304009;
HH-23-0230.4474;UA63;UA6304;UA6304009;
HH-23-0230.4475;UA63;UA6304;UA6304009;
HH-23-0230.4476;UA63;UA6304;UA6304009;
HH-23-0230.4477;UA63;UA6304;UA6304009;
HH-23-0230.4478;UA63;UA6304;UA6304009;
HH-23-0230.4479;UA63;UA6304;UA6304009;
HH-23-0230.4480;UA63;UA6304;UA6304009;
HH-23-0230.4481;UA63;UA6304;UA6304009;
HH-23-0230.4482;UA63;UA6304;UA6304009;
HH-23-0230.4483;UA63;UA6304;UA6304009;
HH-23-0230.4484;UA63;UA6304;UA6304009;
HH-23-0230.4485;UA63;UA6304;UA6304009;
HH-23-0230.4486;UA63;UA6304;UA6304009;
HH-23-0230.4487;UA63;UA6304;UA6304009;
HH-23-0230.4488;UA63;UA6304;UA6304009;
HH-23-0230.4489;UA63;UA6304;UA6304009;
HH-23-0230.4490;UA63;UA6304;UA6304009;
HH-23-0230.4491;UA63;UA6304;UA6304009;
HH-23-0230.4492;UA63;UA6304;UA6304009;
HH-23-0230.4493;UA63;UA6304;UA6304009;
HH-23-0230.4494;UA63;UA6304;UA6304009;
HH-23-0230.4495;UA63;UA6304;UA6304009;
HH-23-0230.4496;UA63;UA6304;UA6304009;
HH-23-0230.4497;UA63;UA6304;UA6304009;
HH-23-0230.4498;UA63;UA6304;UA6304009;
HH-23-0230.4499;UA63;UA6304;UA6304009;
HH-23-0230.4500;UA63;UA6304;UA6304009;
HH-23-0230.4501;UA63;UA6304;UA6304009;
HH-23-0230.4502;UA63;UA6304;UA6304009;
HH-23-0230.4503;UA63;UA6304;UA6304009;
HH-23-0230.4504;UA63;UA6304;UA6304009;
HH-23-0230.4505;UA63;UA6304;UA6304009;
HH-23-0230.4506;UA63;UA6304;UA6304009;
HH-23-0230.4507;UA63;UA6304;UA6304009;
HH-23-0230.4508;UA63;UA6304;UA6304009;
HH-23-0230.4509;UA63;UA6304;UA6304009;
HH-23-0230.4510;UA63;UA6304;UA6304009;
HH-23-0230.4511;UA63;UA6304;UA6304009;
HH-23-0230.4512;UA63;UA6304;UA6304009;
HH-23-0230.4513;UA63;UA6304;UA6304009;
HH-23-0230.4514;UA63;UA6304;UA6304009;
HH-23-0230.4515;UA63;UA6304;UA6304009;
HH-23-0230.4516;UA63;UA6304;UA6304009;
HH-23-0230.4517;UA63;UA6304;UA6304009;
HH-23-0230.4518;UA63;UA6304;UA6304009;
HH-23-0230.4519;UA63;UA6304;UA6304009;
HH-23-0230.4520;UA63;UA6304;UA6304009;
HH-23-0230.4521;UA63;UA6304;UA6304009;
HH-23-0230.4522;UA63;UA6304;UA6304009;
HH-23-0230.4523;UA63;UA6304;UA6304009;
HH-23-0230.4524;UA63;UA6304;UA6304009;
HH-23-0230.4525;UA63;UA6304;UA6304009;
HH-23-0230.4526;UA63;UA6304;UA6304009;
HH-23-0230.4527;UA63;UA6304;UA6304009;
HH-23-0230.4528;UA63;UA6304;UA6304009;
HH-23-0230.4529;UA63;UA6304;UA6304009;
HH-23-0230.4530;UA63;UA6304;UA6304009;
HH-23-0230.4531;UA63;UA6304;UA6304009;
HH-23-0230.4532;UA63;UA6304;UA6304009;
HH-23-0230.4533;UA63;UA6304;UA6304009;
HH-23-0230.4534;UA63;UA6304;UA6304009;
HH-23-0230.4535;UA63;UA6304;UA6304009;
HH-23-0230.4536;UA63;UA6304;UA6304009;
HH-23-0230.4537;UA63;UA6304;UA6304009;
HH-23-0230.4538;UA63;UA6304;UA6304009;
HH-23-0230.4539;UA63;UA6304;UA6304009;
HH-23-0230.4540;UA63;UA6304;UA6304009;
HH-23-0230.4541;UA63;UA6304;UA6304009;
HH-23-0230.4542;UA63;UA6304;UA6304009;
HH-23-0230.4543;UA63;UA6304;UA6304009;
HH-23-0230.4544;UA63;UA6304;UA6304009;
HH-23-0230.4545;UA63;UA6304;UA6304009;
HH-23-0230.4546;UA63;UA6304;UA6304009;
HH-23-0230.4547;UA63;UA6304;UA6304009;
HH-23-0230.4548;UA63;UA6304;UA6304009;
HH-23-0230.4549;UA63;UA6304;UA6304009;
HH-23-0230.4550;UA63;UA6304;UA6304009;
HH-23-0230.4551;UA63;UA6304;UA6304009;
HH-23-0230.4552;UA63;UA6304;UA6304009;
HH-23-0230.4553;UA63;UA6304;UA6304009;
HH-23-0230.4554;UA63;UA6304;UA6304009;
HH-23-0230.4555;UA63;UA6304;UA6304009;
HH-23-0230.4556;UA63;UA6304;UA6304009;
HH-23-0230.4557;UA63;UA6304;UA6304009;
HH-23-0230.4558;UA63;UA6304;UA6304009;
HH-23-0230.4559;UA63;UA6304;UA6304009;
HH-23-0230.4560;UA63;UA6304;UA6304009;
HH-23-0230.4561;UA63;UA6304;UA6304009;
HH-23-0230.4562;UA63;UA6304;UA6304009;
HH-23-0230.4563;UA63;UA6304;UA6304009;
HH-23-0230.4564;UA63;UA6304;UA6304009;
HH-23-0230.4565;UA63;UA6304;UA6304009;
HH-23-0230.4566;UA63;UA6304;UA6304009;
HH-23-0230.4567;UA63;UA6304;UA6304009;
HH-23-0230.4568;UA63;UA6304;UA6304009;
HH-23-0230.4569;UA63;UA6304;UA6304009;
HH-23-0230.4570;UA63;UA6304;UA6304009;
HH-23-0230.4571;UA63;UA6304;UA6304009;
HH-23-0230.4572;UA63;UA6304;UA6304009;
HH-23-0230.4573;UA63;UA6304;UA6304009;
HH-23-0230.4574;UA63;UA6304;UA6304009;
HH-23-0230.4575;UA63;UA6304;UA6304009;
HH-23-0230.4576;UA63;UA6304;UA6304009;
HH-23-0230.4577;UA63;UA6304;UA6304009;
HH-23-0230.4578;UA63;UA6304;UA6304009;
HH-23-0230.4579;UA63;UA6304;UA6304009;
HH-23-0230.4580;UA63;UA6304;UA6304009;
HH-23-0230.4581;UA63;UA6304;UA6304009;
HH-23-0230.4582;UA63;UA6304;UA6304009;
HH-23-0230.4583;UA63;UA6304;UA6304009;
HH-23-0230.4584;UA63;UA6304;UA6304009;
HH-23-0230.4585;UA63;UA6304;UA6304009;
HH-23-0230.4586;UA63;UA6304;UA6304009;
HH-23-0230.4587;UA63;UA6304;UA6304009;
HH-23-0230.4588;UA63;UA6304;UA6304009;
HH-23-0230.4589;UA63;UA6304;UA6304009;
HH-23-0230.4590;UA63;UA6304;UA6304009;
HH-23-0230.4591;UA63;UA6304;UA6304009;
HH-23-0230.4592;UA63;UA6304;UA6304009;
HH-23-0230.4593;UA63;UA6304;UA6304009;
HH-23-0230.4594;UA63;UA6304;UA6304009;
HH-23-0230.4595;UA63;UA6304;UA6304009;
HH-23-0230.4596;UA63;UA6304;UA6304009;
HH-23-0230.4597;UA63;UA6304;UA6304009;
HH-23-0230.4598;UA63;UA6304;UA6304009;
HH-23-0230.4599;UA63;UA6304;UA6304009;
HH-23-0230.4600;UA63;UA6304;UA6304009;
HH-23-0230.4601;UA63;UA6304;UA6304009;
HH-23-0230.4602;UA63;UA6304;UA6304009;
HH-23-0230.4603;UA63;UA6304;UA6304009;
HH-23-0230.4604;UA63;UA6304;UA6304009;
HH-23-0230.4605;UA63;UA6304;UA6304009;
HH-23-0230.4606;UA63;UA6304;UA6304009;
HH-23-0230.4607;UA63;UA6304;UA6304009;
HH-23-0230.4608;UA63;UA6304;UA6304009;
HH-23-0230.4609;UA63;UA6304;UA6304009;
HH-23-0230.4610;UA63;UA6304;UA6304009;
HH-23-0230.4611;UA63;UA6304;UA6304009;
HH-23-0230.4612;UA63;UA6304;UA6304009;
HH-23-0230.4613;UA63;UA6304;UA6304009;
HH-23-0230.4614;UA63;UA6304;UA6304009;
HH-23-0230.4615;UA63;UA6304;UA6304009;
HH-23-0230.4616;UA63;UA6304;UA6304009;
HH-23-0230.4617;UA63;UA6304;UA6304009;
HH-23-0230.4618;UA63;UA6304;UA6304009;
HH-23-0230.4619;UA63;UA6304;UA6304009;
HH-23-0230.4620;UA63;UA6304;UA6304009;
HH-23-0230.4621;UA63;UA6304;UA6304009;
HH-23-0230.4622;UA63;UA6304;UA6304009;
HH-23-0230.4623;UA63;UA6304;UA6304009;
HH-23-0230.4624;UA63;UA6304;UA6304009;
HH-23-0230.4625;UA63;UA6304;UA6304009;
HH-23-0230.4626;UA63;UA6304;UA6304009;
HH-23-0230.4627;UA63;UA6304;UA6304009;
HH-23-0230.4628;UA63;UA6304;UA6304009;
HH-23-0230.4629;UA63;UA6304;UA6304009;
HH-23-0230.4630;UA63;UA6304;UA6304009;
HH-23-0230.4631;UA63;UA6304;UA6304009;
HH-23-0230.4632;UA63;UA6304;UA6304009;
HH-23-0230.4633;UA63;UA6304;UA6304009;
HH-23-0230.4634;UA63;UA6304;UA6304009;
HH-23-0230.4635;UA63;UA6304;UA6304009;
HH-23-0230.4636;UA63;UA6304;UA6304009;
HH-23-0230.4637;UA63;UA6304;UA6304009;
HH-23-0230.4638;UA63;UA6304;UA6304009;
HH-23-0230.4639;UA63;UA6304;UA6304009;
HH-23-0230.4640;UA63;UA6304;UA6304009;
HH-23-0230.4641;UA63;UA6304;UA6304009;
HH-23-0230.4642;UA63;UA6304;UA6304009;
HH-23-0230.4643;UA63;UA6304;UA6304009;
HH-23-0230.4644;UA63;UA6304;UA6304009;
HH-23-0230.4645;UA63;UA6304;UA6304009;
HH-23-0230.4646;UA63;UA6304;UA6304009;
HH-23-0230.4647;UA63;UA6304;UA6304009;
HH-23-0230.4648;UA63;UA6304;UA6304009;
HH-23-0230.4649;UA63;UA6304;UA6304009;
HH-23-0230.4650;UA63;UA6304;UA6304009;
HH-23-0230.4651;UA63;UA6304;UA6304009;
HH-23-0230.4652;UA63;UA6304;UA6304009;
HH-23-0230.4653;UA63;UA6304;UA6304009;
HH-23-0230.4654;UA63;UA6304;UA6304009;
HH-23-0230.4655;UA63;UA6304;UA6304009;
HH-23-0230.4656;UA63;UA6304;UA6304009;
HH-23-0230.4657;UA63;UA6304;UA6304009;
HH-23-0230.4658;UA65;UA6502;UA6502007;
HH-23-0230.4659;UA65;UA6502;UA6502007;
HH-23-0230.4660;UA65;UA6502;UA6502007;
HH-23-0230.4661;UA65;UA6502;UA6502007;
HH-23-0230.4662;UA65;UA6502;UA6502007;
HH-23-0230.4663;UA65;UA6502;UA6502007;
HH-23-0230.4664;UA65;UA6502;UA6502007;
HH-23-0230.4665;UA65;UA6502;UA6502007;
HH-23-0230.4666;UA65;UA6502;UA6502007;
HH-23-0230.4667;UA65;UA6502;UA6502007;
HH-23-0230.4668;UA65;UA6502;UA6502007;
HH-23-0230.4669;UA65;UA6502;UA6502007;
HH-23-0230.4670;UA65;UA6502;UA6502007;
HH-23-0230.4671;UA65;UA6502;UA6502007;
HH-23-0230.4672;UA65;UA6502;UA6502007;
HH-23-0230.4673;UA65;UA6502;UA6502007;
HH-23-0230.4674;UA65;UA6502;UA6502007;
HH-23-0230.4675;UA65;UA6502;UA6502007;
HH-23-0230.4676;UA65;UA6502;UA6502007;
HH-23-0230.4677;UA65;UA6502;UA6502007;
HH-23-0230.4678;UA65;UA6502;UA6502007;
HH-23-0230.4679;UA65;UA6502;UA6502007;
HH-23-0230.4680;UA65;UA6502;UA6502007;
HH-23-0230.4681;UA65;UA6502;UA6502007;
HH-23-0230.4682;UA65;UA6502;UA6502007;
HH-23-0230.4683;UA65;UA6502;UA6502007;
HH-23-0230.4684;UA65;UA6502;UA6502007;
HH-23-0230.4685;UA65;UA6502;UA6502007;
HH-23-0230.4686;UA65;UA6502;UA6502007;
HH-23-0230.4687;UA65;UA6502;UA6502007;
HH-23-0230.4688;UA65;UA6502;UA6502007;
HH-23-0230.4689;UA65;UA6502;UA6502007;
HH-23-0230.4690;UA65;UA6502;UA6502007;
HH-23-0230.4691;UA65;UA6502;UA6502007;
HH-23-0230.4692;UA65;UA6502;UA6502007;
HH-23-0230.4693;UA65;UA6502;UA6502007;
HH-23-0230.4694;UA65;UA6502;UA6502007;
HH-23-0230.4695;UA65;UA6502;UA6502007;
HH-23-0230.4696;UA65;UA6502;UA6502007;
HH-23-0230.4697;UA65;UA6502;UA6502007;
HH-23-0230.4698;UA65;UA6502;UA6502007;
HH-23-0230.4699;UA65;UA6502;UA6502007;
HH-23-0230.4700;UA65;UA6502;UA6502007;
HH-23-0230.4701;UA65;UA6502;UA6502007;
HH-23-0230.4702;UA65;UA6502;UA6502007;
HH-23-0230.4703;UA65;UA6502;UA6502007;
HH-23-0230.4704;UA65;UA6502;UA6502007;
HH-23-0230.4705;UA65;UA6502;UA6502007;
HH-23-0230.4706;UA65;UA6502;UA6502007;
HH-23-0230.4707;UA65;UA6502;UA6502007;
HH-23-0230.4708;UA65;UA6502;UA6502007;
HH-23-0230.4709;UA65;UA6502;UA6502007;
HH-23-0230.4710;UA65;UA6502;UA6502007;
HH-23-0230.4711;UA65;UA6502;UA6502007;
HH-23-0230.4712;UA65;UA6502;UA6502007;
HH-23-0230.4713;UA65;UA6502;UA6502007;
HH-23-0230.4714;UA65;UA6502;UA6502007;
HH-23-0230.4715;UA65;UA6502;UA6502007;
HH-23-0230.4716;UA65;UA6502;UA6502007;
HH-23-0230.4717;UA65;UA6502;UA6502007;
HH-23-0230.4718;UA65;UA6502;UA6502007;
HH-23-0230.4719;UA65;UA6502;UA6502007;
HH-23-0230.4720;UA65;UA6502;UA6502007;
HH-23-0230.4721;UA65;UA6502;UA6502007;
HH-23-0230.4722;UA65;UA6502;UA6502007;
HH-23-0230.4723;UA65;UA6502;UA6502007;
HH-23-0230.4724;UA65;UA6502;UA6502007;
HH-23-0230.4725;UA65;UA6502;UA6502007;
HH-23-0230.4726;UA65;UA6502;UA6502007;
HH-23-0230.4727;UA65;UA6502;UA6502007;
HH-23-0230.4728;UA65;UA6502;UA6502007;
HH-23-0230.4729;UA65;UA6502;UA6502007;
HH-23-0230.4730;UA65;UA6502;UA6502007;
HH-23-0230.4731;UA65;UA6502;UA6502007;
HH-23-0230.4732;UA65;UA6502;UA6502007;
HH-23-0230.4733;UA65;UA6502;UA6502007;
HH-23-0230.4734;UA65;UA6502;UA6502007;
HH-23-0230.4735;UA65;UA6502;UA6502007;
HH-23-0230.4736;UA65;UA6502;UA6502007;
HH-23-0230.4737;UA65;UA6502;UA6502007;
HH-23-0230.4738;UA65;UA6502;UA6502007;
HH-23-0230.4739;UA65;UA6502;UA6502007;
HH-23-0230.4740;UA65;UA6502;UA6502007;
HH-23-0230.4741;UA65;UA6502;UA6502007;
HH-23-0230.4742;UA65;UA6502;UA6502007;
HH-23-0230.4743;UA65;UA6502;UA6502007;
HH-23-0230.4744;UA65;UA6502;UA6502007;
HH-23-0230.4745;UA65;UA6502;UA6502007;
HH-23-0230.4746;UA65;UA6502;UA6502007;
HH-23-0230.4747;UA65;UA6502;UA6502007;
HH-23-0230.4748;UA65;UA6502;UA6502007;
HH-23-0230.4749;UA65;UA6502;UA6502007;
HH-23-0230.4750;UA65;UA6502;UA6502007;
HH-23-0230.4751;UA65;UA6502;UA6502007;
HH-23-0230.4752;UA65;UA6502;UA6502007;
HH-23-0230.4753;UA65;UA6502;UA6502007;
HH-23-0230.4754;UA65;UA6502;UA6502007;
HH-23-0230.4755;UA65;UA6502;UA6502007;
HH-23-0230.4756;UA65;UA6502;UA6502007;
HH-23-0230.4757;UA65;UA6502;UA6502007;
HH-23-0230.4758;UA65;UA6502;UA6502007;
HH-23-0230.4759;UA65;UA6502;UA6502007;
HH-23-0230.4760;UA65;UA6502;UA6502007;
HH-23-0230.4761;UA65;UA6502;UA6502007;
HH-23-0230.4762;UA65;UA6502;UA6502007;
HH-23-0230.4763;UA65;UA6502;UA6502007;
HH-23-0230.4764;UA65;UA6502;UA6502007;
HH-23-0230.4765;UA65;UA6502;UA6502007;
HH-23-0230.4766;UA65;UA6502;UA6502007;
HH-23-0230.4767;UA65;UA6502;UA6502007;
HH-23-0230.4768;UA65;UA6502;UA6502007;
HH-23-0230.4769;UA65;UA6502;UA6502007;
HH-23-0230.4770;UA65;UA6502;UA6502007;
HH-23-0230.4771;UA65;UA6502;UA6502007;
HH-23-0230.4772;UA65;UA6502;UA6502007;
HH-23-0230.4773;UA65;UA6502;UA6502007;
HH-23-0230.4774;UA65;UA6502;UA6502007;
HH-23-0230.4775;UA65;UA6502;UA6502007;
HH-23-0230.4776;UA65;UA6502;UA6502007;
HH-23-0230.4777;UA65;UA6502;UA6502007;
HH-23-0230.4778;UA65;UA6502;UA6502007;
HH-23-0230.4779;UA65;UA6502;UA6502007;
HH-23-0230.4780;UA65;UA6502;UA6502007;
HH-23-0230.4781;UA65;UA6502;UA6502007;
HH-23-0230.4782;UA65;UA6502;UA6502007;
HH-23-0230.4783;UA65;UA6502;UA6502007;
HH-23-0230.4784;UA65;UA6502;UA6502007;
HH-23-0230.4785;UA65;UA6502;UA6502007;
HH-23-0230.4786;UA65;UA6502;UA6502007;
HH-23-0230.4787;UA65;UA6502;UA6502007;
HH-23-0230.4788;UA65;UA6502;UA6502007;
HH-23-0230.4789;UA65;UA6502;UA6502007;
HH-23-0230.4790;UA65;UA6502;UA6502007;
HH-23-0230.4791;UA65;UA6502;UA6502007;
HH-23-0230.4792;UA65;UA6502;UA6502007;
HH-23-0230.4793;UA65;UA6502;UA6502007;
HH-23-0230.4794;UA65;UA6502;UA6502007;
HH-23-0230.4795;UA65;UA6502;UA6502007;
HH-23-0230.4796;UA65;UA6502;UA6502007;
HH-23-0230.4797;UA65;UA6502;UA6502007;
HH-23-0230.4798;UA65;UA6502;UA6502007;
HH-23-0230.4799;UA65;UA6502;UA6502007;
HH-23-0230.4800;UA65;UA6502;UA6502007;
HH-23-0230.4801;UA65;UA6502;UA6502007;
HH-23-0230.4802;UA65;UA6502;UA6502007;
HH-23-0230.4803;UA65;UA6502;UA6502007;
HH-23-0230.4804;UA65;UA6502;UA6502007;
HH-23-0230.4805;UA65;UA6502;UA6502007;
HH-23-0230.4806;UA65;UA6502;UA6502007;
HH-23-0230.4807;UA65;UA6502;UA6502007;
HH-23-0230.4808;UA65;UA6502;UA6502007;
HH-23-0230.4809;UA65;UA6502;UA6502007;
HH-23-0230.4810;UA65;UA6502;UA6502007;
HH-23-0230.4811;UA65;UA6502;UA6502007;
HH-23-0230.4812;UA65;UA6502;UA6502007;
HH-23-0230.4813;UA65;UA6502;UA6502007;
HH-23-0230.4814;UA65;UA6502;UA6502007;
HH-23-0230.4815;UA65;UA6502;UA6502007;
HH-23-0230.4816;UA65;UA6502;UA6502007;
HH-23-0230.4817;UA65;UA6502;UA6502007;
HH-23-0230.4818;UA65;UA6502;UA6502007;
HH-23-0230.4819;UA65;UA6502;UA6502007;
HH-23-0230.4820;UA65;UA6502;UA6502007;
HH-23-0230.4821;UA65;UA6502;UA6502007;
HH-23-0230.4822;UA65;UA6502;UA6502007;
HH-23-0230.4823;UA65;UA6502;UA6502007;
HH-23-0230.4824;UA65;UA6502;UA6502007;
HH-23-0230.4825;UA65;UA6502;UA6502007;
HH-23-0230.4826;UA65;UA6502;UA6502007;
HH-23-0230.4827;UA65;UA6502;UA6502007;
HH-23-0230.4828;UA65;UA6502;UA6502007;
HH-23-0230.4829;UA65;UA6502;UA6502007;
HH-23-0230.4830;UA65;UA6502;UA6502007;
HH-23-0230.4831;UA65;UA6502;UA6502007;
HH-23-0230.4832;UA65;UA6502;UA6502007;
HH-23-0230.4833;UA65;UA6502;UA6502007;
HH-23-0230.4834;UA65;UA6502;UA6502007;
HH-23-0230.4835;UA65;UA6502;UA6502007;
HH-23-0230.4836;UA65;UA6502;UA6502007;
HH-23-0230.4837;UA65;UA6502;UA6502007;
HH-23-0230.4838;UA65;UA6502;UA6502007;
HH-23-0230.4839;UA65;UA6502;UA6502007;
HH-23-0230.4840;UA65;UA6502;UA6502007;
HH-23-0230.4841;UA65;UA6502;UA6502007;
HH-23-0230.4842;UA65;UA6502;UA6502007;
HH-23-0230.4843;UA65;UA6502;UA6502007;
HH-23-0230.4844;UA65;UA6502;UA6502007;
HH-23-0230.4845;UA65;UA6502;UA6502007;
HH-23-0230.4846;UA65;UA6502;UA6502007;
HH-23-0230.4847;UA65;UA6502;UA6502007;
HH-23-0230.4848;UA65;UA6502;UA6502007;
HH-23-0230.4849;UA65;UA6502;UA6502007;
HH-23-0230.4850;UA65;UA6502;UA6502007;
HH-23-0230.4851;UA65;UA6502;UA6502007;
HH-23-0230.4852;UA65;UA6502;UA6502007;
HH-23-0230.4853;UA65;UA6502;UA6502007;
HH-23-0230.4854;UA65;UA6502;UA6502007;
HH-23-0230.4855;UA65;UA6502;UA6502007;
HH-23-0230.4856;UA65;UA6502;UA6502007;
HH-23-0230.4857;UA65;UA6502;UA6502007;
HH-23-0230.4858;UA65;UA6502;UA6502007;
HH-23-0230.4859;UA65;UA6502;UA6502007;
HH-23-0230.4860;UA65;UA6502;UA6502007;
HH-23-0230.4861;UA65;UA6502;UA6502007;
HH-23-0230.4862;UA65;UA6502;UA6502007;
HH-23-0230.4863;UA65;UA6502;UA6502007;
HH-23-0230.4864;UA65;UA6502;UA6502007;
HH-23-0230.4865;UA65;UA6502;UA6502007;
HH-23-0230.4866;UA65;UA6502;UA6502007;
HH-23-0230.4867;UA65;UA6502;UA6502007;
HH-23-0230.4868;UA65;UA6502;UA6502007;
HH-23-0230.4869;UA65;UA6502;UA6502007;
HH-23-0230.4870;UA65;UA6502;UA6502007;
HH-23-0230.4871;UA65;UA6502;UA6502007;
HH-23-0230.4872;UA65;UA6502;UA6502007;
HH-23-0230.4873;UA65;UA6502;UA6502007;
HH-23-0230.4874;UA65;UA6502;UA6502007;
HH-23-0230.4875;UA65;UA6502;UA6502007;
HH-23-0230.4876;UA65;UA6502;UA6502007;
HH-23-0230.4877;UA65;UA6502;UA6502007;
HH-23-0230.4878;UA65;UA6502;UA6502007;
HH-23-0230.4879;UA65;UA6502;UA6502007;
HH-23-0230.4880;UA65;UA6502;UA6502007;
HH-23-0230.4881;UA65;UA6502;UA6502007;
HH-23-0230.4882;UA65;UA6502;UA6502007;
HH-23-0230.4883;UA65;UA6502;UA6502007;
HH-23-0230.4884;UA65;UA6502;UA6502007;
HH-23-0230.4885;UA65;UA6502;UA6502007;
HH-23-0230.4886;UA65;UA6502;UA6502007;
HH-23-0230.4887;UA65;UA6502;UA6502007;
HH-23-0230.4888;UA65;UA6502;UA6502007;
HH-23-0230.4889;UA65;UA6502;UA6502007;
HH-23-0230.4890;UA65;UA6502;UA6502007;
HH-23-0230.4891;UA65;UA6502;UA6502007;
HH-23-0230.4892;UA65;UA6502;UA6502007;
HH-23-0230.4893;UA65;UA6502;UA6502007;
HH-23-0230.4894;UA65;UA6502;UA6502007;
HH-23-0230.4895;UA65;UA6502;UA6502007;
HH-23-0230.4896;UA65;UA6502;UA6502007;
HH-23-0230.4897;UA65;UA6502;UA6502007;
HH-23-0230.4898;UA65;UA6502;UA6502007;
HH-23-0230.4899;UA65;UA6502;UA6502007;
HH-23-0230.4900;UA65;UA6502;UA6502007;
HH-23-0230.4901;UA65;UA6502;UA6502007;
HH-23-0230.4902;UA65;UA6502;UA6502007;
HH-23-0230.4903;UA65;UA6502;UA6502007;
HH-23-0230.4904;UA65;UA6502;UA6502007;
HH-23-0230.4905;UA65;UA6502;UA6502007;
HH-23-0230.4906;UA65;UA6502;UA6502007;
HH-23-0230.4907;UA65;UA6502;UA6502007;
HH-23-0230.4908;UA65;UA6502;UA6502007;
HH-23-0230.4909;UA65;UA6502;UA6502007;
HH-23-0230.4910;UA65;UA6502;UA6502007;
HH-23-0230.4911;UA65;UA6502;UA6502007;
HH-23-0230.4912;UA65;UA6502;UA6502007;
HH-23-0230.4913;UA65;UA6502;UA6502007;
HH-23-0230.4914;UA65;UA6502;UA6502007;
HH-23-0230.4915;UA65;UA6502;UA6502007;
HH-23-0230.4916;UA65;UA6502;UA6502007;
HH-23-0230.4917;UA65;UA6502;UA6502007;
HH-23-0230.4918;UA65;UA6502;UA6502007;
HH-23-0230.4919;UA65;UA6502;UA6502007;
HH-23-0230.4920;UA65;UA6502;UA6502007;
HH-23-0230.4921;UA65;UA6502;UA6502007;
HH-23-0230.4922;UA65;UA6502;UA6502007;
HH-23-0230.4923;UA65;UA6502;UA6502007;
HH-23-0230.4924;UA65;UA6502;UA6502007;
HH-23-0230.4925;UA65;UA6502;UA6502007;
HH-23-0230.4926;UA65;UA6502;UA6502007;
HH-23-0230.4927;UA65;UA6502;UA6502007;
HH-23-0230.4928;UA65;UA6502;UA6502007;
HH-23-0230.4929;UA65;UA6502;UA6502007;
HH-23-0230.4930;UA65;UA6502;UA6502007;
HH-23-0230.4931;UA65;UA6502;UA6502007;
HH-23-0230.4932;UA65;UA6502;UA6502007;
HH-23-0230.4933;UA65;UA6502;UA6502007;
HH-23-0230.4934;UA65;UA6502;UA6502007;
HH-23-0230.4935;UA65;UA6502;UA6502007;
HH-23-0230.4936;UA65;UA6502;UA6502007;
HH-23-0230.4937;UA65;UA6502;UA6502007;
HH-23-0230.4938;UA65;UA6502;UA6502007;
HH-23-0230.4939;UA65;UA6502;UA6502007;
HH-23-0230.4940;UA65;UA6502;UA6502007;
HH-23-0230.4941;UA65;UA6502;UA6502007;
HH-23-0230.4942;UA65;UA6502;UA6502007;
HH-23-0230.4943;UA65;UA6502;UA6502007;
HH-23-0230.4944;UA65;UA6502;UA6502007;
HH-23-0230.4945;UA65;UA6502;UA6502007;
HH-23-0230.4946;UA65;UA6502;UA6502007;
HH-23-0230.4947;UA65;UA6502;UA6502007;
HH-23-0230.4948;UA65;UA6502;UA6502007;
HH-23-0230.4949;UA65;UA6502;UA6502007;
HH-23-0230.4950;UA65;UA6502;UA6502007;
HH-23-0230.4951;UA65;UA6502;UA6502007;
HH-23-0230.4952;UA65;UA6502;UA6502007;
HH-23-0230.4953;UA65;UA6502;UA6502007;
HH-23-0230.4954;UA65;UA6502;UA6502007;
HH-23-0230.4955;UA65;UA6502;UA6502007;
HH-23-0230.4956;UA65;UA6502;UA6502007;
HH-23-0230.4957;UA65;UA6502;UA6502007;
HH-23-0230.4958;UA65;UA6502;UA6502007;
HH-23-0230.4959;UA65;UA6502;UA6502007;
HH-23-0230.4960;UA65;UA6502;UA6502007;
HH-23-0230.4961;UA65;UA6502;UA6502007;
HH-23-0230.4962;UA65;UA6502;UA6502007;
HH-23-0230.4963;UA65;UA6502;UA6502007;
HH-23-0230.4964;UA65;UA6502;UA6502007;
HH-23-0230.4965;UA65;UA6502;UA6502007;
HH-23-0230.4966;UA65;UA6502;UA6502007;
HH-23-0230.4967;UA65;UA6502;UA6502007;
HH-23-0230.4968;UA65;UA6502;UA6502007;
HH-23-0230.4969;UA65;UA6502;UA6502007;
HH-23-0230.4970;UA65;UA6502;UA6502007;
HH-23-0230.4971;UA65;UA6502;UA6502007;
HH-23-0230.4972;UA65;UA6502;UA6502007;
HH-23-0230.4973;UA65;UA6502;UA6502007;
HH-23-0230.4974;UA65;UA6502;UA6502007;
HH-23-0230.4975;UA65;UA6502;UA6502007;
HH-23-0230.4976;UA65;UA6502;UA6502007;
HH-23-0230.4977;UA65;UA6502;UA6502007;
HH-23-0230.4978;UA65;UA6502;UA6502007;
HH-23-0230.4979;UA65;UA6502;UA6502007;
HH-23-0230.4980;UA65;UA6502;UA6502007;
HH-23-0230.4981;UA65;UA6502;UA6502007;
HH-23-0230.4982;UA65;UA6502;UA6502007;
HH-23-0230.4983;UA65;UA6502;UA6502007;
HH-23-0230.4984;UA65;UA6502;UA6502007;
HH-23-0230.4985;UA65;UA6502;UA6502007;
HH-23-0230.4986;UA65;UA6502;UA6502007;
HH-23-0230.4987;UA65;UA6502;UA6502007;
HH-23-0230.4988;UA65;UA6502;UA6502007;
HH-23-0230.4989;UA65;UA6502;UA6502007;
HH-23-0230.4990;UA65;UA6502;UA6502007;
HH-23-0230.4991;UA65;UA6502;UA6502007;
HH-23-0230.4992;UA65;UA6502;UA6502007;
HH-23-0230.4993;UA65;UA6502;UA6502007;
HH-23-0230.4994;UA65;UA6502;UA6502007;
HH-23-0230.4995;UA65;UA6502;UA6502007;
HH-23-0230.4996;UA65;UA6502;UA6502007;
HH-23-0230.4997;UA65;UA6502;UA6502007;
HH-23-0230.4998;UA65;UA6502;UA6502007;
HH-23-0230.4999;UA65;UA6502;UA6502007;
HH-23-0230.5000;UA65;UA6502;UA6502007;
HH-23-0230.5001;UA65;UA6502;UA6502007;
HH-23-0230.5002;UA65;UA6502;UA6502007;
HH-23-0230.5003;UA65;UA6502;UA6502007;
HH-23-0230.5004;UA65;UA6502;UA6502007;
HH-23-0230.5005;UA65;UA6502;UA6502007;
HH-23-0230.5006;UA65;UA6502;UA6502007;
HH-23-0230.5007;UA65;UA6502;UA6502007;
HH-23-0230.5008;UA65;UA6502;UA6502007;
HH-23-0230.5009;UA65;UA6502;UA6502007;
HH-23-0230.5010;UA65;UA6502;UA6502007;
HH-23-0230.5011;UA65;UA6502;UA6502007;
HH-23-0230.5012;UA65;UA6502;UA6502007;
HH-23-0230.5013;UA65;UA6502;UA6502007;
HH-23-0230.5014;UA65;UA6502;UA6502007;
HH-23-0230.5015;UA65;UA6502;UA6502007;
HH-23-0230.5016;UA65;UA6502;UA6502007;
HH-23-0230.5017;UA65;UA6502;UA6502007;
HH-23-0230.5018;UA65;UA6502;UA6502007;
HH-23-0230.5019;UA65;UA6502;UA6502007;
HH-23-0230.5020;UA65;UA6502;UA6502007;
HH-23-0230.5021;UA65;UA6502;UA6502007;
HH-23-0230.5022;UA65;UA6502;UA6502007;
HH-23-0230.5023;UA65;UA6502;UA6502007;
HH-23-0230.5024;UA65;UA6502;UA6502007;
HH-23-0230.5025;UA65;UA6502;UA6502007;
HH-23-0230.5026;UA65;UA6502;UA6502007;
HH-23-0230.5027;UA65;UA6502;UA6502007;
HH-23-0230.5028;UA65;UA6502;UA6502007;
HH-23-0230.5029;UA65;UA6502;UA6502007;
HH-23-0230.5030;UA65;UA6502;UA6502007;
HH-23-0230.5031;UA65;UA6502;UA6502007;
HH-23-0230.5032;UA65;UA6502;UA6502007;
HH-23-0230.5033;UA65;UA6502;UA6502007;
HH-23-0230.5034;UA65;UA6502;UA6502007;
HH-23-0230.5035;UA65;UA6502;UA6502007;
HH-23-0230.5036;UA65;UA6502;UA6502007;
HH-23-0230.5037;UA65;UA6502;UA6502007;
HH-23-0230.5038;UA65;UA6502;UA6502007;
HH-23-0230.5039;UA65;UA6502;UA6502007;
HH-23-0230.5040;UA65;UA6502;UA6502007;
HH-23-0230.5041;UA65;UA6502;UA6502007;
HH-23-0230.5042;UA65;UA6502;UA6502007;
HH-23-0230.5043;UA65;UA6502;UA6502007;
HH-23-0230.5044;UA65;UA6502;UA6502007;
HH-23-0230.5045;UA65;UA6502;UA6502007;
HH-23-0230.5046;UA65;UA6502;UA6502007;
HH-23-0230.5047;UA65;UA6502;UA6502007;
HH-23-0230.5048;UA65;UA6502;UA6502007;
HH-23-0230.5049;UA65;UA6502;UA6502007;