[
{
  "model": "registration_datahub.importedhousehold",
  "pk": "732c60be-0276-4054-a2e1-d425acdb821a",
  "fields": {
    "created_at": "2022-08-10T14:02:04.331Z",
    "updated_at": "2022-08-10T14:30:11.870Z",
    "consent_sign": "D3-2022-08-10_140204.3238310000.jpg",
    "consent": true,
    "consent_sharing": "HUMANITARIAN_PARTNER",
    "residence_status": "REFUGEE",
    "country_origin": "SM",
    "size": 4,
    "address": "938 Luna Cliffs Apt. 551\nJameschester, SC 24934",
    "country": "IM",
    "admin1": "AF11",
    "admin1_title": "Ghazni",
    "admin2": "AF1115",
    "admin2_title": "Abband",
    "geopoint": "SRID=4326;POINT (70.21020900000001 172.085021)",
    "female_age_group_0_5_count": 0,
    "female_age_group_6_11_count": 0,
    "female_age_group_12_17_count": 0,
    "female_age_group_18_59_count": null,
    "female_age_group_60_count": null,
    "pregnant_count": null,
    "male_age_group_0_5_count": 0,
    "male_age_group_6_11_count": 0,
    "male_age_group_12_17_count": 0,
    "male_age_group_18_59_count": null,
    "male_age_group_60_count": null,
    "female_age_group_0_5_disabled_count": 0,
    "female_age_group_6_11_disabled_count": 0,
    "female_age_group_12_17_disabled_count": 0,
    "female_age_group_18_59_disabled_count": null,
    "female_age_group_60_disabled_count": null,
    "male_age_group_0_5_disabled_count": 0,
    "male_age_group_6_11_disabled_count": 0,
    "male_age_group_12_17_disabled_count": 0,
    "male_age_group_18_59_disabled_count": null,
    "male_age_group_60_disabled_count": null,
    "head_of_household": "87201b6a-4d00-4ae2-ad1b-30dca2b83614",
    "fchild_hoh": false,
    "child_hoh": false,
    "registration_data_import": "f814f78d-6f0d-49d9-961c-79322fa172b9",
    "first_registration_date": "2020-08-22T00:00:00Z",
    "last_registration_date": "2020-08-22T00:00:00Z",
    "returnee": false,
    "flex_fields": {},
    "start": null,
    "deviceid": "",
    "name_enumerator": "Harley Rawlings",
    "org_enumerator": "UNICEF",
    "org_name_enumerator": "UNICEF",
    "village": "",
    "registration_method": "",
    "collect_individual_data": "",
    "currency": "",
    "unhcr_id": "",
    "kobo_submission_uuid": null,
    "kobo_asset_id": "",
    "kobo_submission_time": null,
    "row_id": 3,
    "diia_rec_id": "",
    "flex_registrations_record": null,
    "mis_unicef_id": "HH-20-0000.0014"
  }
},
{
  "model": "registration_datahub.importedhousehold",
  "pk": "cc46b6b9-4f2e-4ce4-a17e-e51747f68883",
  "fields": {
    "created_at": "2022-08-10T14:02:04.334Z",
    "updated_at": "2022-08-10T14:30:11.839Z",
    "consent_sign": "D4-2022-08-10_140204.3283380000.jpg",
    "consent": true,
    "consent_sharing": "HUMANITARIAN_PARTNER,PRIVATE_PARTNER,GOVERNMENT_PARTNER,UNICEF,",
    "residence_status": "REFUGEE",
    "country_origin": "SM",
    "size": 4,
    "address": "938 Luna Cliffs Apt. 551\nJameschester, SC 24934",
    "country": "IM",
    "admin1": "AF06",
    "admin1_title": "Nangarhar",
    "admin2": "AF0617",
    "admin2_title": "Achin",
    "geopoint": "SRID=4326;POINT (70.21020900000001 172.085021)",
    "female_age_group_0_5_count": 0,
    "female_age_group_6_11_count": 0,
    "female_age_group_12_17_count": 0,
    "female_age_group_18_59_count": null,
    "female_age_group_60_count": null,
    "pregnant_count": null,
    "male_age_group_0_5_count": 0,
    "male_age_group_6_11_count": 0,
    "male_age_group_12_17_count": 0,
    "male_age_group_18_59_count": null,
    "male_age_group_60_count": null,
    "female_age_group_0_5_disabled_count": 0,
    "female_age_group_6_11_disabled_count": 0,
    "female_age_group_12_17_disabled_count": 0,
    "female_age_group_18_59_disabled_count": null,
    "female_age_group_60_disabled_count": null,
    "male_age_group_0_5_disabled_count": 0,
    "male_age_group_6_11_disabled_count": 0,
    "male_age_group_12_17_disabled_count": 0,
    "male_age_group_18_59_disabled_count": null,
    "male_age_group_60_disabled_count": null,
    "head_of_household": "6c8d9be4-3bce-4a87-952a-e6abab468086",
    "fchild_hoh": false,
    "child_hoh": false,
    "registration_data_import": "f814f78d-6f0d-49d9-961c-79322fa172b9",
    "first_registration_date": "2020-08-22T00:00:00Z",
    "last_registration_date": "2020-08-22T00:00:00Z",
    "returnee": false,
    "flex_fields": {},
    "start": null,
    "deviceid": "",
    "name_enumerator": "Harley Rawlings",
    "org_enumerator": "UNICEF",
    "org_name_enumerator": "UNICEF",
    "village": "",
    "registration_method": "",
    "collect_individual_data": "",
    "currency": "",
    "unhcr_id": "",
    "kobo_submission_uuid": null,
    "kobo_asset_id": "",
    "kobo_submission_time": null,
    "row_id": 4,
    "diia_rec_id": "",
    "flex_registrations_record": null,
    "mis_unicef_id": "HH-20-0000.0013"
  }
},
{
  "model": "registration_datahub.importedindividual",
  "pk": "27a7a17b-4a3d-4643-a332-d177f0425f84",
  "fields": {
    "created_at": "2022-08-10T14:02:04.454Z",
    "updated_at": "2022-08-10T14:30:11.816Z",
    "individual_id": "",
    "photo": "",
    "full_name": "Angela Kowalska",
    "given_name": "Angela",
    "middle_name": "",
    "family_name": "Kowalska",
    "relationship": "BROTHER_SISTER",
    "sex": "FEMALE",
    "birth_date": "2000-01-10",
    "estimated_birth_date": false,
    "marital_status": "SINGLE",
    "phone_no": "0048724467321",
    "phone_no_alternative": "",
    "household": "cc46b6b9-4f2e-4ce4-a17e-e51747f68883",
    "registration_data_import": "f814f78d-6f0d-49d9-961c-79322fa172b9",
    "disability": "not disabled",
    "work_status": "NOT_PROVIDED",
    "first_registration_date": "1988-06-15",
    "last_registration_date": "1988-06-15",
    "deduplication_batch_status": "UNIQUE_IN_BATCH",
    "deduplication_golden_record_status": "UNIQUE",
    "deduplication_batch_results": {
      "score": {
        "max": 0,
        "min": 9223372036854775807,
        "qty": 0
      },
      "duplicates": [],
      "possible_duplicates": []
    },
    "deduplication_golden_record_results": {
      "duplicates": [],
      "possible_duplicates": []
    },
    "flex_fields": {},
    "pregnant": true,
    "observed_disability": "",
    "seeing_disability": "",
    "hearing_disability": "",
    "physical_disability": "",
    "memory_disability": "",
    "selfcare_disability": "",
    "comms_disability": "",
    "who_answers_phone": "",
    "who_answers_alt_phone": "",
    "kobo_asset_id": "",
    "row_id": 7,
    "disability_certificate_picture": "",
    "mis_unicef_id": "IND-88-0000.0041"
  }
},
{
  "model": "registration_datahub.importedindividual",
  "pk": "6c8d9be4-3bce-4a87-952a-e6abab468086",
  "fields": {
    "created_at": "2022-08-10T14:02:04.454Z",
    "updated_at": "2022-08-10T14:30:11.830Z",
    "individual_id": "",
    "photo": "",
    "full_name": "Agata Kowalska",
    "given_name": "Agata",
    "middle_name": "",
    "family_name": "Kowalska",
    "relationship": "HEAD",
    "sex": "FEMALE",
    "birth_date": "1964-01-10",
    "estimated_birth_date": false,
    "marital_status": "SINGLE",
    "phone_no": "0048875012932",
    "phone_no_alternative": "",
    "household": "cc46b6b9-4f2e-4ce4-a17e-e51747f68883",
    "registration_data_import": "f814f78d-6f0d-49d9-961c-79322fa172b9",
    "disability": "not disabled",
    "work_status": "NOT_PROVIDED",
    "first_registration_date": "1988-06-15",
    "last_registration_date": "1988-06-15",
    "deduplication_batch_status": "UNIQUE_IN_BATCH",
    "deduplication_golden_record_status": "UNIQUE",
    "deduplication_batch_results": {
      "score": {
        "max": 0,
        "min": 9223372036854775807,
        "qty": 0
      },
      "duplicates": [],
      "possible_duplicates": []
    },
    "deduplication_golden_record_results": {
      "duplicates": [],
      "possible_duplicates": []
    },
    "flex_fields": {},
    "pregnant": true,
    "observed_disability": "",
    "seeing_disability": "",
    "hearing_disability": "",
    "physical_disability": "",
    "memory_disability": "",
    "selfcare_disability": "",
    "comms_disability": "",
    "who_answers_phone": "",
    "who_answers_alt_phone": "",
    "kobo_asset_id": "",
    "row_id": 6,
    "disability_certificate_picture": "",
    "mis_unicef_id": "IND-88-0000.0042"
  }
},
{
  "model": "registration_datahub.importedindividual",
  "pk": "6ef3b767-5be6-4bbd-a598-6a5cc2960faf",
  "fields": {
    "created_at": "2022-08-10T14:02:04.454Z",
    "updated_at": "2022-08-10T14:30:11.795Z",
    "individual_id": "",
    "photo": "",
    "full_name": "Alicja Kowalska",
    "given_name": "Alicja",
    "middle_name": "",
    "family_name": "Kowalska",
    "relationship": "NON_BENEFICIARY",
    "sex": "FEMALE",
    "birth_date": "1941-08-26",
    "estimated_birth_date": false,
    "marital_status": "MARRIED",
    "phone_no": "0048503123555",
    "phone_no_alternative": "",
    "household": null,
    "registration_data_import": "f814f78d-6f0d-49d9-961c-79322fa172b9",
    "disability": "not disabled",
    "work_status": "NOT_PROVIDED",
    "first_registration_date": "1942-12-12",
    "last_registration_date": "1942-12-12",
    "deduplication_batch_status": "UNIQUE_IN_BATCH",
    "deduplication_golden_record_status": "UNIQUE",
    "deduplication_batch_results": {
      "score": {
        "max": 0,
        "min": 9223372036854775807,
        "qty": 0
      },
      "duplicates": [],
      "possible_duplicates": []
    },
    "deduplication_golden_record_results": {
      "duplicates": [],
      "possible_duplicates": []
    },
    "flex_fields": {},
    "pregnant": true,
    "observed_disability": "",
    "seeing_disability": "",
    "hearing_disability": "",
    "physical_disability": "",
    "memory_disability": "",
    "selfcare_disability": "",
    "comms_disability": "",
    "who_answers_phone": "",
    "who_answers_alt_phone": "",
    "kobo_asset_id": "",
    "row_id": 8,
    "disability_certificate_picture": "",
    "mis_unicef_id": "IND-42-0000.0037"
  }
},
{
  "model": "registration_datahub.importedindividual",
  "pk": "6f116cf6-04ca-4d98-b275-638acae21108",
  "fields": {
    "created_at": "2022-08-10T14:02:04.454Z",
    "updated_at": "2022-08-10T14:30:11.861Z",
    "individual_id": "",
    "photo": "",
    "full_name": "Jan Romaniak",
    "given_name": "Jan",
    "middle_name": "",
    "family_name": "Romaniak",
    "relationship": "BROTHER_SISTER",
    "sex": "MALE",
    "birth_date": "1923-01-01",
    "estimated_birth_date": true,
    "marital_status": "MARRIED",
    "phone_no": "0048734123423",
    "phone_no_alternative": "",
    "household": "732c60be-0276-4054-a2e1-d425acdb821a",
    "registration_data_import": "f814f78d-6f0d-49d9-961c-79322fa172b9",
    "disability": "not disabled",
    "work_status": "NOT_PROVIDED",
    "first_registration_date": "1988-06-15",
    "last_registration_date": "1988-06-15",
    "deduplication_batch_status": "DUPLICATE_IN_BATCH",
    "deduplication_golden_record_status": "UNIQUE",
    "deduplication_batch_results": {
      "score": {
        "max": 9.0,
        "min": 9.0,
        "qty": 1
      },
      "duplicates": [
        {
          "dob": "1991-11-18",
          "score": 9.0,
          "hit_id": "87201b6a-4d00-4ae2-ad1b-30dca2b83614",
          "location": "AF1115",
          "full_name": "Jan Romaniak",
          "proximity_to_score": 3.0
        }
      ],
      "possible_duplicates": []
    },
    "deduplication_golden_record_results": {
      "duplicates": [],
      "possible_duplicates": []
    },
    "flex_fields": {},
    "pregnant": false,
    "observed_disability": "",
    "seeing_disability": "",
    "hearing_disability": "",
    "physical_disability": "",
    "memory_disability": "",
    "selfcare_disability": "",
    "comms_disability": "",
    "who_answers_phone": "",
    "who_answers_alt_phone": "",
    "kobo_asset_id": "",
    "row_id": 5,
    "disability_certificate_picture": "",
    "mis_unicef_id": "IND-88-0000.0040"
  }
},
{
  "model": "registration_datahub.importedindividual",
  "pk": "86f8a870-360c-432d-af46-7426f7070c90",
  "fields": {
    "created_at": "2022-08-10T14:02:04.453Z",
    "updated_at": "2022-08-10T14:30:11.799Z",
    "individual_id": "",
    "photo": "",
    "full_name": "Alicja Romaniak",
    "given_name": "Alicja",
    "middle_name": "",
    "family_name": "Romaniak",
    "relationship": "WIFE_HUSBAND",
    "sex": "FEMALE",
    "birth_date": "1996-06-21",
    "estimated_birth_date": false,
    "marital_status": "MARRIED",
    "phone_no": "0048601123432",
    "phone_no_alternative": "",
    "household": "732c60be-0276-4054-a2e1-d425acdb821a",
    "registration_data_import": "f814f78d-6f0d-49d9-961c-79322fa172b9",
    "disability": "not disabled",
    "work_status": "NOT_PROVIDED",
    "first_registration_date": "1969-06-22",
    "last_registration_date": "1969-06-22",
    "deduplication_batch_status": "UNIQUE_IN_BATCH",
    "deduplication_golden_record_status": "UNIQUE",
    "deduplication_batch_results": {
      "score": {
        "max": 0,
        "min": 9223372036854775807,
        "qty": 0
      },
      "duplicates": [],
      "possible_duplicates": []
    },
    "deduplication_golden_record_results": {
      "duplicates": [],
      "possible_duplicates": []
    },
    "flex_fields": {},
    "pregnant": false,
    "observed_disability": "",
    "seeing_disability": "",
    "hearing_disability": "",
    "physical_disability": "",
    "memory_disability": "",
    "selfcare_disability": "",
    "comms_disability": "",
    "who_answers_phone": "",
    "who_answers_alt_phone": "",
    "kobo_asset_id": "",
    "row_id": 4,
    "disability_certificate_picture": "",
    "mis_unicef_id": "IND-69-0000.0038"
  }
},
{
  "model": "registration_datahub.importedindividual",
  "pk": "87201b6a-4d00-4ae2-ad1b-30dca2b83614",
  "fields": {
    "created_at": "2022-08-10T14:02:04.437Z",
    "updated_at": "2022-08-10T14:30:11.845Z",
    "individual_id": "",
    "photo": "",
    "full_name": "Jan Romaniak",
    "given_name": "Jan",
    "middle_name": "Roman",
    "family_name": "Romaniak",
    "relationship": "HEAD",
    "sex": "MALE",
    "birth_date": "1991-11-18",
    "estimated_birth_date": false,
    "marital_status": "MARRIED",
    "phone_no": "0048605899014",
    "phone_no_alternative": "",
    "household": "732c60be-0276-4054-a2e1-d425acdb821a",
    "registration_data_import": "f814f78d-6f0d-49d9-961c-79322fa172b9",
    "disability": "not disabled",
    "work_status": "NOT_PROVIDED",
    "first_registration_date": "1974-12-15",
    "last_registration_date": "1974-12-15",
    "deduplication_batch_status": "DUPLICATE_IN_BATCH",
    "deduplication_golden_record_status": "UNIQUE",
    "deduplication_batch_results": {
      "score": {
        "max": 9.0,
        "min": 9.0,
        "qty": 1
      },
      "duplicates": [
        {
          "dob": "1923-01-01",
          "score": 9.0,
          "hit_id": "6f116cf6-04ca-4d98-b275-638acae21108",
          "location": "AF1115",
          "full_name": "Jan Romaniak",
          "proximity_to_score": 3.0
        }
      ],
      "possible_duplicates": []
    },
    "deduplication_golden_record_results": {
      "duplicates": [],
      "possible_duplicates": []
    },
    "flex_fields": {},
    "pregnant": false,
    "observed_disability": "",
    "seeing_disability": "",
    "hearing_disability": "",
    "physical_disability": "",
    "memory_disability": "",
    "selfcare_disability": "",
    "comms_disability": "",
    "who_answers_phone": "",
    "who_answers_alt_phone": "",
    "kobo_asset_id": "",
    "row_id": 3,
    "disability_certificate_picture": "",
    "mis_unicef_id": "IND-74-0000.0039"
  }
},
{
  "model": "registration_datahub.importedindividualroleinhousehold",
  "pk": "6dfe900c-c39e-474b-bfbf-2d56b57cb8fb",
  "fields": {
    "created_at": "2022-08-10T14:02:04.473Z",
    "updated_at": "2022-08-10T14:02:04.473Z",
    "individual": "6c8d9be4-3bce-4a87-952a-e6abab468086",
    "household": "cc46b6b9-4f2e-4ce4-a17e-e51747f68883",
    "role": "PRIMARY"
  }
},
{
  "model": "registration_datahub.importedindividualroleinhousehold",
  "pk": "bfafa49c-3251-4f58-a754-98e9973458bc",
  "fields": {
    "created_at": "2022-08-10T14:02:04.473Z",
    "updated_at": "2022-08-10T14:02:04.473Z",
    "individual": "86f8a870-360c-432d-af46-7426f7070c90",
    "household": "732c60be-0276-4054-a2e1-d425acdb821a",
    "role": "ALTERNATE"
  }
},
{
  "model": "registration_datahub.importedindividualroleinhousehold",
  "pk": "c87168f2-ac2f-4220-866f-42a5bb32e381",
  "fields": {
    "created_at": "2022-08-10T14:02:04.473Z",
    "updated_at": "2022-08-10T14:02:04.473Z",
    "individual": "87201b6a-4d00-4ae2-ad1b-30dca2b83614",
    "household": "732c60be-0276-4054-a2e1-d425acdb821a",
    "role": "PRIMARY"
  }
},
{
  "model": "registration_datahub.importedindividualroleinhousehold",
  "pk": "d346ccbd-2910-4bb5-b236-7c6d8a99f8f5",
  "fields": {
    "created_at": "2022-08-10T14:02:04.473Z",
    "updated_at": "2022-08-10T14:02:04.473Z",
    "individual": "6ef3b767-5be6-4bbd-a598-6a5cc2960faf",
    "household": "cc46b6b9-4f2e-4ce4-a17e-e51747f68883",
    "role": "ALTERNATE"
  }
},
{
  "model": "registration_datahub.registrationdataimportdatahub",
  "pk": "c57848bf-a5df-154b-4938-f30b6b29aaab",
  "fields": {
    "created_at": "2022-03-30T09:22:14.856Z",
    "updated_at": "2022-03-30T09:22:16.791Z",
    "name": "Test Diia",
    "import_date": "2022-03-30T09:22:14.856Z",
    "hct_id": "04992dce-8e47-154b-4938-743415412dce",
    "import_data": "e38f6f0c-36e9-a1f0-4b73-84742f7d025d",
    "import_done": "NOT_STARTED",
    "business_area_slug": "ukraine"
  }
},
{
  "model": "registration_datahub.registrationdataimportdatahub",
  "pk": "f814f78d-6f0d-49d9-961c-79322fa172b9",
  "fields": {
    "created_at": "2022-08-10T14:02:02.454Z",
    "updated_at": "2022-08-10T14:02:04.474Z",
    "name": "test",
    "import_date": "2022-08-10T14:02:02.454Z",
    "hct_id": "c749ab01-16dc-48af-a764-5f3a873f0a7d",
    "import_data": "f87474eb-8db9-409a-b42e-7b30f4af41f9",
    "import_done": "DONE",
    "business_area_slug": "afghanistan"
  }
},
{
  "model": "registration_datahub.importdata",
  "pk": "e38f6f0c-36e9-a1f0-4b73-84742f7d025d",
  "fields": {
    "created_at": "2022-05-29T09:21:29.900Z",
    "updated_at": "2022-04-29T09:21:34.214Z",
    "status": "PENDING",
    "business_area_slug": "ukraine",
    "file": "",
    "data_type": "DIIA",
    "number_of_households": 0,
    "number_of_individuals": 0,
    "error": "",
    "validation_errors": "",
    "created_by_id": null
  }
},
{
  "model": "registration_datahub.importdata",
  "pk": "f87474eb-8db9-409a-b42e-7b30f4af41f9",
  "fields": {
    "created_at": "2022-08-10T14:01:53.990Z",
    "updated_at": "2022-08-10T14:01:57.509Z",
    "status": "FINISHED",
    "business_area_slug": "afghanistan",
    "file": "romaniak_with_admins_12.xlsx",
    "data_type": "XLSX",
    "number_of_households": 2,
    "number_of_individuals": 6,
    "error": "",
    "validation_errors": "",
    "created_by_id": "4196c2c5-c2dd-48d2-887f-3a9d39e78916"
  }
},
{
  "model": "registration_datahub.importeddocumenttype",
  "pk": "185d0037-a1bc-4eef-a679-749b5964c1f6",
  "fields": {
    "created_at": "2022-08-10T14:00:37.565Z",
    "updated_at": "2022-08-10T14:00:37.565Z",
    "label": "Electoral Card",
    "type": "ELECTORAL_CARD"
  }
},
{
  "model": "registration_datahub.importeddocumenttype",
  "pk": "218fa71b-0d15-4f4b-85fe-86a9b9f59f0d",
  "fields": {
    "created_at": "2022-08-10T14:00:37.565Z",
    "updated_at": "2022-08-10T14:00:37.565Z",
    "label": "National ID",
    "type": "NATIONAL_ID"
  }
},
{
  "model": "registration_datahub.importeddocumenttype",
  "pk": "6087e502-defa-44e2-9865-63f45a71471e",
  "fields": {
    "created_at": "2022-08-10T14:00:37.565Z",
    "updated_at": "2022-08-10T14:00:37.565Z",
    "label": "Other",
    "type": "OTHER"
  }
},
{
  "model": "registration_datahub.importeddocumenttype",
  "pk": "89481e2a-3ef1-40fb-8021-6b92bcb03db4",
  "fields": {
    "created_at": "2022-08-10T14:00:37.565Z",
    "updated_at": "2022-08-10T14:00:37.565Z",
    "label": "Driver's License",
    "type": "DRIVERS_LICENSE"
  }
},
{
  "model": "registration_datahub.importeddocumenttype",
  "pk": "92fbe664-66f1-42ea-9c9c-8c093db16f3b",
  "fields": {
    "created_at": "2022-08-10T14:00:37.565Z",
    "updated_at": "2022-08-10T14:00:37.565Z",
    "label": "Tax Number Identification",
    "type": "TAX_ID"
  }
},
{
  "model": "registration_datahub.importeddocumenttype",
  "pk": "d2c54476-0a45-4f0a-aca1-e78e78f1e2cc",
  "fields": {
    "created_at": "2022-08-10T14:00:37.565Z",
    "updated_at": "2022-08-10T14:00:37.565Z",
    "label": "National Passport",
    "type": "NATIONAL_PASSPORT"
  }
},
{
  "model": "registration_datahub.importeddocumenttype",
  "pk": "db4b73d0-3a53-48b5-9d2b-bdf0de29ccbf",
  "fields": {
    "created_at": "2022-08-10T14:00:37.565Z",
    "updated_at": "2022-08-10T14:00:37.565Z",
    "label": "Birth Certificate",
    "type": "BIRTH_CERTIFICATE"
  }
},
{
  "model": "registration_datahub.importeddocumenttype",
  "pk": "ee41c19e-63d2-473b-9e6f-65eb8ff2cbe5",
  "fields": {
    "created_at": "2022-08-10T14:00:37.565Z",
    "updated_at": "2022-08-10T14:00:37.565Z",
    "label": "Foreigner's Residence Permit",
    "type": "RESIDENCE_PERMIT_NO"
  }
},
{
  "model": "registration_datahub.importeddocument",
  "pk": "1f1a5a3b-461f-4da3-9e98-09437ed91b08",
  "fields": {
    "created_at": "2022-08-10T14:02:04.469Z",
    "updated_at": "2022-08-10T14:02:04.469Z",
    "document_number": "ASH221345",
    "photo": "",
    "individual": "86f8a870-360c-432d-af46-7426f7070c90",
    "type": "218fa71b-0d15-4f4b-85fe-86a9b9f59f0d",
    "country": "PL",
    "doc_date": null
  }
},
{
  "model": "registration_datahub.importeddocument",
  "pk": "255397d7-8a0e-437e-98f7-be2bf9368e1f",
  "fields": {
    "created_at": "2022-08-10T14:02:04.469Z",
    "updated_at": "2022-08-10T14:02:04.469Z",
    "document_number": "JA123123",
    "photo": "",
    "individual": "86f8a870-360c-432d-af46-7426f7070c90",
    "type": "d2c54476-0a45-4f0a-aca1-e78e78f1e2cc",
    "country": "PL",
    "doc_date": null
  }
},
{
  "model": "registration_datahub.importeddocument",
  "pk": "4df58da4-a632-43ca-be7e-07b54d89fd30",
  "fields": {
    "created_at": "2022-08-10T14:02:04.469Z",
    "updated_at": "2022-08-10T14:02:04.469Z",
    "document_number": "BSH221315",
    "photo": "",
    "individual": "6ef3b767-5be6-4bbd-a598-6a5cc2960faf",
    "type": "218fa71b-0d15-4f4b-85fe-86a9b9f59f0d",
    "country": "PL",
    "doc_date": null
  }
},
{
  "model": "registration_datahub.importeddocument",
  "pk": "58e3d2c2-7224-4f8b-8424-403635963ee5",
  "fields": {
    "created_at": "2022-08-10T14:02:04.469Z",
    "updated_at": "2022-08-10T14:02:04.469Z",
    "document_number": "DAZ132964",
    "photo": "",
    "individual": "87201b6a-4d00-4ae2-ad1b-30dca2b83614",
    "type": "218fa71b-0d15-4f4b-85fe-86a9b9f59f0d",
    "country": "PL",
    "doc_date": null
  }
},
{
  "model": "registration_datahub.importeddocument",
  "pk": "7d234914-7b51-43f0-9302-33b44f8411b9",
  "fields": {
    "created_at": "2022-08-10T14:02:04.469Z",
    "updated_at": "2022-08-10T14:02:04.469Z",
    "document_number": "CSH221395",
    "photo": "",
    "individual": "27a7a17b-4a3d-4643-a332-d177f0425f84",
    "type": "218fa71b-0d15-4f4b-85fe-86a9b9f59f0d",
    "country": "PL",
    "doc_date": null
  }
},
{
  "model": "registration_datahub.importeddocument",
  "pk": "b4a5c74b-4266-44ed-9c8c-e8c236ff688f",
  "fields": {
    "created_at": "2022-08-10T14:02:04.469Z",
    "updated_at": "2022-08-10T14:02:04.469Z",
    "document_number": "WSH221365",
    "photo": "",
    "individual": "6f116cf6-04ca-4d98-b275-638acae21108",
    "type": "218fa71b-0d15-4f4b-85fe-86a9b9f59f0d",
    "country": "PL",
    "doc_date": null
  }
},
{
  "model": "registration_datahub.importeddocument",
  "pk": "bb3d7187-6572-4f21-9492-ddc531d0b182",
  "fields": {
    "created_at": "2022-08-10T14:02:04.469Z",
    "updated_at": "2022-08-10T14:02:04.469Z",
    "document_number": "TSH221375",
    "photo": "",
    "individual": "6c8d9be4-3bce-4a87-952a-e6abab468086",
    "type": "218fa71b-0d15-4f4b-85fe-86a9b9f59f0d",
    "country": "PL",
    "doc_date": null
  }
},
{
  "model": "registration_datahub.importedagency",
  "pk": 1,
  "fields": {
    "type": "WFP",
    "label": "WFP",
    "country": "AF"
  }
},
{
  "model": "registration_datahub.importedagency",
  "pk": 2,
  "fields": {
    "type": "UNHCR",
    "label": "UNHCR",
    "country": "AF"
  }
},
{
  "model": "registration_datahub.importedagency",
  "pk": 3,
  "fields": {
    "type": "WFP",
    "label": "WFP",
    "country": "AX"
  }
},
{
  "model": "registration_datahub.importedagency",
  "pk": 4,
  "fields": {
    "type": "UNHCR",
    "label": "UNHCR",
    "country": "AX"
  }
},
{
  "model": "registration_datahub.importedagency",
  "pk": 5,
  "fields": {
    "type": "WFP",
    "label": "WFP",
    "country": "AL"
  }
},
{
  "model": "registration_datahub.importedagency",
  "pk": 6,
  "fields": {
    "type": "UNHCR",
    "label": "UNHCR",
    "country": "AL"
  }
},
{
  "model": "registration_datahub.importedagency",
  "pk": 7,
  "fields": {
    "type": "WFP",
    "label": "WFP",
    "country": "DZ"
  }
},
{
  "model": "registration_datahub.importedagency",
  "pk": 8,
  "fields": {
    "type": "UNHCR",
    "label": "UNHCR",
    "country": "DZ"
  }
},
{
  "model": "registration_datahub.importedagency",
  "pk": 9,
  "fields": {
    "type": "WFP",
    "label": "WFP",
    "country": "AS"
  }
},
{
  "model": "registration_datahub.importedagency",
  "pk": 10,
  "fields": {
    "type": "UNHCR",
    "label": "UNHCR",
    "country": "AS"
  }
},
{
  "model": "registration_datahub.importedagency",
  "pk": 11,
  "fields": {
    "type": "WFP",
    "label": "WFP",
    "country": "AD"
  }
},
{
  "model": "registration_datahub.importedagency",
  "pk": 12,
  "fields": {
    "type": "UNHCR",
    "label": "UNHCR",
    "country": "AD"
  }
},
{
  "model": "registration_datahub.importedagency",
  "pk": 13,
  "fields": {
    "type": "WFP",
    "label": "WFP",
    "country": "AO"
  }
},
{
  "model": "registration_datahub.importedagency",
  "pk": 14,
  "fields": {
    "type": "UNHCR",
    "label": "UNHCR",
    "country": "AO"
  }
},
{
  "model": "registration_datahub.importedagency",
  "pk": 15,
  "fields": {
    "type": "WFP",
    "label": "WFP",
    "country": "AI"
  }
},
{
  "model": "registration_datahub.importedagency",
  "pk": 16,
  "fields": {
    "type": "UNHCR",
    "label": "UNHCR",
    "country": "AI"
  }
},
{
  "model": "registration_datahub.importedagency",
  "pk": 17,
  "fields": {
    "type": "WFP",
    "label": "WFP",
    "country": "AQ"
  }
},
{
  "model": "registration_datahub.importedagency",
  "pk": 18,
  "fields": {
    "type": "UNHCR",
    "label": "UNHCR",
    "country": "AQ"
  }
},
{
  "model": "registration_datahub.importedagency",
  "pk": 19,
  "fields": {
    "type": "WFP",
    "label": "WFP",
    "country": "AG"
  }
},
{
  "model": "registration_datahub.importedagency",
  "pk": 20,
  "fields": {
    "type": "UNHCR",
    "label": "UNHCR",
    "country": "AG"
  }
},
{
  "model": "registration_datahub.importedagency",
  "pk": 21,
  "fields": {
    "type": "WFP",
    "label": "WFP",
    "country": "AR"
  }
},
{
  "model": "registration_datahub.importedagency",
  "pk": 22,
  "fields": {
    "type": "UNHCR",
    "label": "UNHCR",
    "country": "AR"
  }
},
{
  "model": "registration_datahub.importedagency",
  "pk": 23,
  "fields": {
    "type": "WFP",
    "label": "WFP",
    "country": "AM"
  }
},
{
  "model": "registration_datahub.importedagency",
  "pk": 24,
  "fields": {
    "type": "UNHCR",
    "label": "UNHCR",
    "country": "AM"
  }
},
{
  "model": "registration_datahub.importedagency",
  "pk": 25,
  "fields": {
    "type": "WFP",
    "label": "WFP",
    "country": "AW"
  }
},
{
  "model": "registration_datahub.importedagency",
  "pk": 26,
  "fields": {
    "type": "UNHCR",
    "label": "UNHCR",
    "country": "AW"
  }
},
{
  "model": "registration_datahub.importedagency",
  "pk": 27,
  "fields": {
    "type": "WFP",
    "label": "WFP",
    "country": "AU"
  }
},
{
  "model": "registration_datahub.importedagency",
  "pk": 28,
  "fields": {
    "type": "UNHCR",
    "label": "UNHCR",
    "country": "AU"
  }
},
{
  "model": "registration_datahub.importedagency",
  "pk": 29,
  "fields": {
    "type": "WFP",
    "label": "WFP",
    "country": "AT"
  }
},
{
  "model": "registration_datahub.importedagency",
  "pk": 30,
  "fields": {
    "type": "UNHCR",
    "label": "UNHCR",
    "country": "AT"
  }
},
{
  "model": "registration_datahub.importedagency",
  "pk": 31,
  "fields": {
    "type": "WFP",
    "label": "WFP",
    "country": "AZ"
  }
},
{
  "model": "registration_datahub.importedagency",
  "pk": 32,
  "fields": {
    "type": "UNHCR",
    "label": "UNHCR",
    "country": "AZ"
  }
},
{
  "model": "registration_datahub.importedagency",
  "pk": 33,
  "fields": {
    "type": "WFP",
    "label": "WFP",
    "country": "BS"
  }
},
{
  "model": "registration_datahub.importedagency",
  "pk": 34,
  "fields": {
    "type": "UNHCR",
    "label": "UNHCR",
    "country": "BS"
  }
},
{
  "model": "registration_datahub.importedagency",
  "pk": 35,
  "fields": {
    "type": "WFP",
    "label": "WFP",
    "country": "BH"
  }
},
{
  "model": "registration_datahub.importedagency",
  "pk": 36,
  "fields": {
    "type": "UNHCR",
    "label": "UNHCR",
    "country": "BH"
  }
},
{
  "model": "registration_datahub.importedagency",
  "pk": 37,
  "fields": {
    "type": "WFP",
    "label": "WFP",
    "country": "BD"
  }
},
{
  "model": "registration_datahub.importedagency",
  "pk": 38,
  "fields": {
    "type": "UNHCR",
    "label": "UNHCR",
    "country": "BD"
  }
},
{
  "model": "registration_datahub.importedagency",
  "pk": 39,
  "fields": {
    "type": "WFP",
    "label": "WFP",
    "country": "BB"
  }
},
{
  "model": "registration_datahub.importedagency",
  "pk": 40,
  "fields": {
    "type": "UNHCR",
    "label": "UNHCR",
    "country": "BB"
  }
},
{
  "model": "registration_datahub.importedagency",
  "pk": 41,
  "fields": {
    "type": "WFP",
    "label": "WFP",
    "country": "BY"
  }
},
{
  "model": "registration_datahub.importedagency",
  "pk": 42,
  "fields": {
    "type": "UNHCR",
    "label": "UNHCR",
    "country": "BY"
  }
},
{
  "model": "registration_datahub.importedagency",
  "pk": 43,
  "fields": {
    "type": "WFP",
    "label": "WFP",
    "country": "BE"
  }
},
{
  "model": "registration_datahub.importedagency",
  "pk": 44,
  "fields": {
    "type": "UNHCR",
    "label": "UNHCR",
    "country": "BE"
  }
},
{
  "model": "registration_datahub.importedagency",
  "pk": 45,
  "fields": {
    "type": "WFP",
    "label": "WFP",
    "country": "BZ"
  }
},
{
  "model": "registration_datahub.importedagency",
  "pk": 46,
  "fields": {
    "type": "UNHCR",
    "label": "UNHCR",
    "country": "BZ"
  }
},
{
  "model": "registration_datahub.importedagency",
  "pk": 47,
  "fields": {
    "type": "WFP",
    "label": "WFP",
    "country": "BJ"
  }
},
{
  "model": "registration_datahub.importedagency",
  "pk": 48,
  "fields": {
    "type": "UNHCR",
    "label": "UNHCR",
    "country": "BJ"
  }
},
{
  "model": "registration_datahub.importedagency",
  "pk": 49,
  "fields": {
    "type": "WFP",
    "label": "WFP",
    "country": "BM"
  }
},
{
  "model": "registration_datahub.importedagency",
  "pk": 50,
  "fields": {
    "type": "UNHCR",
    "label": "UNHCR",
    "country": "BM"
  }
},
{
  "model": "registration_datahub.importedagency",
  "pk": 51,
  "fields": {
    "type": "WFP",
    "label": "WFP",
    "country": "BT"
  }
},
{
  "model": "registration_datahub.importedagency",
  "pk": 52,
  "fields": {
    "type": "UNHCR",
    "label": "UNHCR",
    "country": "BT"
  }
},
{
  "model": "registration_datahub.importedagency",
  "pk": 53,
  "fields": {
    "type": "WFP",
    "label": "WFP",
    "country": "BO"
  }
},
{
  "model": "registration_datahub.importedagency",
  "pk": 54,
  "fields": {
    "type": "UNHCR",
    "label": "UNHCR",
    "country": "BO"
  }
},
{
  "model": "registration_datahub.importedagency",
  "pk": 55,
  "fields": {
    "type": "WFP",
    "label": "WFP",
    "country": "BQ"
  }
},
{
  "model": "registration_datahub.importedagency",
  "pk": 56,
  "fields": {
    "type": "UNHCR",
    "label": "UNHCR",
    "country": "BQ"
  }
},
{
  "model": "registration_datahub.importedagency",
  "pk": 57,
  "fields": {
    "type": "WFP",
    "label": "WFP",
    "country": "BA"
  }
},
{
  "model": "registration_datahub.importedagency",
  "pk": 58,
  "fields": {
    "type": "UNHCR",
    "label": "UNHCR",
    "country": "BA"
  }
},
{
  "model": "registration_datahub.importedagency",
  "pk": 59,
  "fields": {
    "type": "WFP",
    "label": "WFP",
    "country": "BW"
  }
},
{
  "model": "registration_datahub.importedagency",
  "pk": 60,
  "fields": {
    "type": "UNHCR",
    "label": "UNHCR",
    "country": "BW"
  }
},
{
  "model": "registration_datahub.importedagency",
  "pk": 61,
  "fields": {
    "type": "WFP",
    "label": "WFP",
    "country": "BV"
  }
},
{
  "model": "registration_datahub.importedagency",
  "pk": 62,
  "fields": {
    "type": "UNHCR",
    "label": "UNHCR",
    "country": "BV"
  }
},
{
  "model": "registration_datahub.importedagency",
  "pk": 63,
  "fields": {
    "type": "WFP",
    "label": "WFP",
    "country": "BR"
  }
},
{
  "model": "registration_datahub.importedagency",
  "pk": 64,
  "fields": {
    "type": "UNHCR",
    "label": "UNHCR",
    "country": "BR"
  }
},
{
  "model": "registration_datahub.importedagency",
  "pk": 65,
  "fields": {
    "type": "WFP",
    "label": "WFP",
    "country": "IO"
  }
},
{
  "model": "registration_datahub.importedagency",
  "pk": 66,
  "fields": {
    "type": "UNHCR",
    "label": "UNHCR",
    "country": "IO"
  }
},
{
  "model": "registration_datahub.importedagency",
  "pk": 67,
  "fields": {
    "type": "WFP",
    "label": "WFP",
    "country": "BN"
  }
},
{
  "model": "registration_datahub.importedagency",
  "pk": 68,
  "fields": {
    "type": "UNHCR",
    "label": "UNHCR",
    "country": "BN"
  }
},
{
  "model": "registration_datahub.importedagency",
  "pk": 69,
  "fields": {
    "type": "WFP",
    "label": "WFP",
    "country": "BG"
  }
},
{
  "model": "registration_datahub.importedagency",
  "pk": 70,
  "fields": {
    "type": "UNHCR",
    "label": "UNHCR",
    "country": "BG"
  }
},
{
  "model": "registration_datahub.importedagency",
  "pk": 71,
  "fields": {
    "type": "WFP",
    "label": "WFP",
    "country": "BF"
  }
},
{
  "model": "registration_datahub.importedagency",
  "pk": 72,
  "fields": {
    "type": "UNHCR",
    "label": "UNHCR",
    "country": "BF"
  }
},
{
  "model": "registration_datahub.importedagency",
  "pk": 73,
  "fields": {
    "type": "WFP",
    "label": "WFP",
    "country": "BI"
  }
},
{
  "model": "registration_datahub.importedagency",
  "pk": 74,
  "fields": {
    "type": "UNHCR",
    "label": "UNHCR",
    "country": "BI"
  }
},
{
  "model": "registration_datahub.importedagency",
  "pk": 75,
  "fields": {
    "type": "WFP",
    "label": "WFP",
    "country": "CV"
  }
},
{
  "model": "registration_datahub.importedagency",
  "pk": 76,
  "fields": {
    "type": "UNHCR",
    "label": "UNHCR",
    "country": "CV"
  }
},
{
  "model": "registration_datahub.importedagency",
  "pk": 77,
  "fields": {
    "type": "WFP",
    "label": "WFP",
    "country": "KH"
  }
},
{
  "model": "registration_datahub.importedagency",
  "pk": 78,
  "fields": {
    "type": "UNHCR",
    "label": "UNHCR",
    "country": "KH"
  }
},
{
  "model": "registration_datahub.importedagency",
  "pk": 79,
  "fields": {
    "type": "WFP",
    "label": "WFP",
    "country": "CM"
  }
},
{
  "model": "registration_datahub.importedagency",
  "pk": 80,
  "fields": {
    "type": "UNHCR",
    "label": "UNHCR",
    "country": "CM"
  }
},
{
  "model": "registration_datahub.importedagency",
  "pk": 81,
  "fields": {
    "type": "WFP",
    "label": "WFP",
    "country": "CA"
  }
},
{
  "model": "registration_datahub.importedagency",
  "pk": 82,
  "fields": {
    "type": "UNHCR",
    "label": "UNHCR",
    "country": "CA"
  }
},
{
  "model": "registration_datahub.importedagency",
  "pk": 83,
  "fields": {
    "type": "WFP",
    "label": "WFP",
    "country": "KY"
  }
},
{
  "model": "registration_datahub.importedagency",
  "pk": 84,
  "fields": {
    "type": "UNHCR",
    "label": "UNHCR",
    "country": "KY"
  }
},
{
  "model": "registration_datahub.importedagency",
  "pk": 85,
  "fields": {
    "type": "WFP",
    "label": "WFP",
    "country": "CF"
  }
},
{
  "model": "registration_datahub.importedagency",
  "pk": 86,
  "fields": {
    "type": "UNHCR",
    "label": "UNHCR",
    "country": "CF"
  }
},
{
  "model": "registration_datahub.importedagency",
  "pk": 87,
  "fields": {
    "type": "WFP",
    "label": "WFP",
    "country": "TD"
  }
},
{
  "model": "registration_datahub.importedagency",
  "pk": 88,
  "fields": {
    "type": "UNHCR",
    "label": "UNHCR",
    "country": "TD"
  }
},
{
  "model": "registration_datahub.importedagency",
  "pk": 89,
  "fields": {
    "type": "WFP",
    "label": "WFP",
    "country": "CL"
  }
},
{
  "model": "registration_datahub.importedagency",
  "pk": 90,
  "fields": {
    "type": "UNHCR",
    "label": "UNHCR",
    "country": "CL"
  }
},
{
  "model": "registration_datahub.importedagency",
  "pk": 91,
  "fields": {
    "type": "WFP",
    "label": "WFP",
    "country": "CN"
  }
},
{
  "model": "registration_datahub.importedagency",
  "pk": 92,
  "fields": {
    "type": "UNHCR",
    "label": "UNHCR",
    "country": "CN"
  }
},
{
  "model": "registration_datahub.importedagency",
  "pk": 93,
  "fields": {
    "type": "WFP",
    "label": "WFP",
    "country": "CX"
  }
},
{
  "model": "registration_datahub.importedagency",
  "pk": 94,
  "fields": {
    "type": "UNHCR",
    "label": "UNHCR",
    "country": "CX"
  }
},
{
  "model": "registration_datahub.importedagency",
  "pk": 95,
  "fields": {
    "type": "WFP",
    "label": "WFP",
    "country": "CC"
  }
},
{
  "model": "registration_datahub.importedagency",
  "pk": 96,
  "fields": {
    "type": "UNHCR",
    "label": "UNHCR",
    "country": "CC"
  }
},
{
  "model": "registration_datahub.importedagency",
  "pk": 97,
  "fields": {
    "type": "WFP",
    "label": "WFP",
    "country": "CO"
  }
},
{
  "model": "registration_datahub.importedagency",
  "pk": 98,
  "fields": {
    "type": "UNHCR",
    "label": "UNHCR",
    "country": "CO"
  }
},
{
  "model": "registration_datahub.importedagency",
  "pk": 99,
  "fields": {
    "type": "WFP",
    "label": "WFP",
    "country": "KM"
  }
},
{
  "model": "registration_datahub.importedagency",
  "pk": 100,
  "fields": {
    "type": "UNHCR",
    "label": "UNHCR",
    "country": "KM"
  }
},
{
  "model": "registration_datahub.importedagency",
  "pk": 101,
  "fields": {
    "type": "WFP",
    "label": "WFP",
    "country": "CG"
  }
},
{
  "model": "registration_datahub.importedagency",
  "pk": 102,
  "fields": {
    "type": "UNHCR",
    "label": "UNHCR",
    "country": "CG"
  }
},
{
  "model": "registration_datahub.importedagency",
  "pk": 103,
  "fields": {
    "type": "WFP",
    "label": "WFP",
    "country": "CD"
  }
},
{
  "model": "registration_datahub.importedagency",
  "pk": 104,
  "fields": {
    "type": "UNHCR",
    "label": "UNHCR",
    "country": "CD"
  }
},
{
  "model": "registration_datahub.importedagency",
  "pk": 105,
  "fields": {
    "type": "WFP",
    "label": "WFP",
    "country": "CK"
  }
},
{
  "model": "registration_datahub.importedagency",
  "pk": 106,
  "fields": {
    "type": "UNHCR",
    "label": "UNHCR",
    "country": "CK"
  }
},
{
  "model": "registration_datahub.importedagency",
  "pk": 107,
  "fields": {
    "type": "WFP",
    "label": "WFP",
    "country": "CR"
  }
},
{
  "model": "registration_datahub.importedagency",
  "pk": 108,
  "fields": {
    "type": "UNHCR",
    "label": "UNHCR",
    "country": "CR"
  }
},
{
  "model": "registration_datahub.importedagency",
  "pk": 109,
  "fields": {
    "type": "WFP",
    "label": "WFP",
    "country": "CI"
  }
},
{
  "model": "registration_datahub.importedagency",
  "pk": 110,
  "fields": {
    "type": "UNHCR",
    "label": "UNHCR",
    "country": "CI"
  }
},
{
  "model": "registration_datahub.importedagency",
  "pk": 111,
  "fields": {
    "type": "WFP",
    "label": "WFP",
    "country": "HR"
  }
},
{
  "model": "registration_datahub.importedagency",
  "pk": 112,
  "fields": {
    "type": "UNHCR",
    "label": "UNHCR",
    "country": "HR"
  }
},
{
  "model": "registration_datahub.importedagency",
  "pk": 113,
  "fields": {
    "type": "WFP",
    "label": "WFP",
    "country": "CU"
  }
},
{
  "model": "registration_datahub.importedagency",
  "pk": 114,
  "fields": {
    "type": "UNHCR",
    "label": "UNHCR",
    "country": "CU"
  }
},
{
  "model": "registration_datahub.importedagency",
  "pk": 115,
  "fields": {
    "type": "WFP",
    "label": "WFP",
    "country": "CW"
  }
},
{
  "model": "registration_datahub.importedagency",
  "pk": 116,
  "fields": {
    "type": "UNHCR",
    "label": "UNHCR",
    "country": "CW"
  }
},
{
  "model": "registration_datahub.importedagency",
  "pk": 117,
  "fields": {
    "type": "WFP",
    "label": "WFP",
    "country": "CY"
  }
},
{
  "model": "registration_datahub.importedagency",
  "pk": 118,
  "fields": {
    "type": "UNHCR",
    "label": "UNHCR",
    "country": "CY"
  }
},
{
  "model": "registration_datahub.importedagency",
  "pk": 119,
  "fields": {
    "type": "WFP",
    "label": "WFP",
    "country": "CZ"
  }
},
{
  "model": "registration_datahub.importedagency",
  "pk": 120,
  "fields": {
    "type": "UNHCR",
    "label": "UNHCR",
    "country": "CZ"
  }
},
{
  "model": "registration_datahub.importedagency",
  "pk": 121,
  "fields": {
    "type": "WFP",
    "label": "WFP",
    "country": "DK"
  }
},
{
  "model": "registration_datahub.importedagency",
  "pk": 122,
  "fields": {
    "type": "UNHCR",
    "label": "UNHCR",
    "country": "DK"
  }
},
{
  "model": "registration_datahub.importedagency",
  "pk": 123,
  "fields": {
    "type": "WFP",
    "label": "WFP",
    "country": "DJ"
  }
},
{
  "model": "registration_datahub.importedagency",
  "pk": 124,
  "fields": {
    "type": "UNHCR",
    "label": "UNHCR",
    "country": "DJ"
  }
},
{
  "model": "registration_datahub.importedagency",
  "pk": 125,
  "fields": {
    "type": "WFP",
    "label": "WFP",
    "country": "DM"
  }
},
{
  "model": "registration_datahub.importedagency",
  "pk": 126,
  "fields": {
    "type": "UNHCR",
    "label": "UNHCR",
    "country": "DM"
  }
},
{
  "model": "registration_datahub.importedagency",
  "pk": 127,
  "fields": {
    "type": "WFP",
    "label": "WFP",
    "country": "DO"
  }
},
{
  "model": "registration_datahub.importedagency",
  "pk": 128,
  "fields": {
    "type": "UNHCR",
    "label": "UNHCR",
    "country": "DO"
  }
},
{
  "model": "registration_datahub.importedagency",
  "pk": 129,
  "fields": {
    "type": "WFP",
    "label": "WFP",
    "country": "EC"
  }
},
{
  "model": "registration_datahub.importedagency",
  "pk": 130,
  "fields": {
    "type": "UNHCR",
    "label": "UNHCR",
    "country": "EC"
  }
},
{
  "model": "registration_datahub.importedagency",
  "pk": 131,
  "fields": {
    "type": "WFP",
    "label": "WFP",
    "country": "EG"
  }
},
{
  "model": "registration_datahub.importedagency",
  "pk": 132,
  "fields": {
    "type": "UNHCR",
    "label": "UNHCR",
    "country": "EG"
  }
},
{
  "model": "registration_datahub.importedagency",
  "pk": 133,
  "fields": {
    "type": "WFP",
    "label": "WFP",
    "country": "SV"
  }
},
{
  "model": "registration_datahub.importedagency",
  "pk": 134,
  "fields": {
    "type": "UNHCR",
    "label": "UNHCR",
    "country": "SV"
  }
},
{
  "model": "registration_datahub.importedagency",
  "pk": 135,
  "fields": {
    "type": "WFP",
    "label": "WFP",
    "country": "GQ"
  }
},
{
  "model": "registration_datahub.importedagency",
  "pk": 136,
  "fields": {
    "type": "UNHCR",
    "label": "UNHCR",
    "country": "GQ"
  }
},
{
  "model": "registration_datahub.importedagency",
  "pk": 137,
  "fields": {
    "type": "WFP",
    "label": "WFP",
    "country": "ER"
  }
},
{
  "model": "registration_datahub.importedagency",
  "pk": 138,
  "fields": {
    "type": "UNHCR",
    "label": "UNHCR",
    "country": "ER"
  }
},
{
  "model": "registration_datahub.importedagency",
  "pk": 139,
  "fields": {
    "type": "WFP",
    "label": "WFP",
    "country": "EE"
  }
},
{
  "model": "registration_datahub.importedagency",
  "pk": 140,
  "fields": {
    "type": "UNHCR",
    "label": "UNHCR",
    "country": "EE"
  }
},
{
  "model": "registration_datahub.importedagency",
  "pk": 141,
  "fields": {
    "type": "WFP",
    "label": "WFP",
    "country": "SZ"
  }
},
{
  "model": "registration_datahub.importedagency",
  "pk": 142,
  "fields": {
    "type": "UNHCR",
    "label": "UNHCR",
    "country": "SZ"
  }
},
{
  "model": "registration_datahub.importedagency",
  "pk": 143,
  "fields": {
    "type": "WFP",
    "label": "WFP",
    "country": "ET"
  }
},
{
  "model": "registration_datahub.importedagency",
  "pk": 144,
  "fields": {
    "type": "UNHCR",
    "label": "UNHCR",
    "country": "ET"
  }
},
{
  "model": "registration_datahub.importedagency",
  "pk": 145,
  "fields": {
    "type": "WFP",
    "label": "WFP",
    "country": "FK"
  }
},
{
  "model": "registration_datahub.importedagency",
  "pk": 146,
  "fields": {
    "type": "UNHCR",
    "label": "UNHCR",
    "country": "FK"
  }
},
{
  "model": "registration_datahub.importedagency",
  "pk": 147,
  "fields": {
    "type": "WFP",
    "label": "WFP",
    "country": "FO"
  }
},
{
  "model": "registration_datahub.importedagency",
  "pk": 148,
  "fields": {
    "type": "UNHCR",
    "label": "UNHCR",
    "country": "FO"
  }
},
{
  "model": "registration_datahub.importedagency",
  "pk": 149,
  "fields": {
    "type": "WFP",
    "label": "WFP",
    "country": "FJ"
  }
},
{
  "model": "registration_datahub.importedagency",
  "pk": 150,
  "fields": {
    "type": "UNHCR",
    "label": "UNHCR",
    "country": "FJ"
  }
},
{
  "model": "registration_datahub.importedagency",
  "pk": 151,
  "fields": {
    "type": "WFP",
    "label": "WFP",
    "country": "FI"
  }
},
{
  "model": "registration_datahub.importedagency",
  "pk": 152,
  "fields": {
    "type": "UNHCR",
    "label": "UNHCR",
    "country": "FI"
  }
},
{
  "model": "registration_datahub.importedagency",
  "pk": 153,
  "fields": {
    "type": "WFP",
    "label": "WFP",
    "country": "FR"
  }
},
{
  "model": "registration_datahub.importedagency",
  "pk": 154,
  "fields": {
    "type": "UNHCR",
    "label": "UNHCR",
    "country": "FR"
  }
},
{
  "model": "registration_datahub.importedagency",
  "pk": 155,
  "fields": {
    "type": "WFP",
    "label": "WFP",
    "country": "GF"
  }
},
{
  "model": "registration_datahub.importedagency",
  "pk": 156,
  "fields": {
    "type": "UNHCR",
    "label": "UNHCR",
    "country": "GF"
  }
},
{
  "model": "registration_datahub.importedagency",
  "pk": 157,
  "fields": {
    "type": "WFP",
    "label": "WFP",
    "country": "PF"
  }
},
{
  "model": "registration_datahub.importedagency",
  "pk": 158,
  "fields": {
    "type": "UNHCR",
    "label": "UNHCR",
    "country": "PF"
  }
},
{
  "model": "registration_datahub.importedagency",
  "pk": 159,
  "fields": {
    "type": "WFP",
    "label": "WFP",
    "country": "TF"
  }
},
{
  "model": "registration_datahub.importedagency",
  "pk": 160,
  "fields": {
    "type": "UNHCR",
    "label": "UNHCR",
    "country": "TF"
  }
},
{
  "model": "registration_datahub.importedagency",
  "pk": 161,
  "fields": {
    "type": "WFP",
    "label": "WFP",
    "country": "GA"
  }
},
{
  "model": "registration_datahub.importedagency",
  "pk": 162,
  "fields": {
    "type": "UNHCR",
    "label": "UNHCR",
    "country": "GA"
  }
},
{
  "model": "registration_datahub.importedagency",
  "pk": 163,
  "fields": {
    "type": "WFP",
    "label": "WFP",
    "country": "GM"
  }
},
{
  "model": "registration_datahub.importedagency",
  "pk": 164,
  "fields": {
    "type": "UNHCR",
    "label": "UNHCR",
    "country": "GM"
  }
},
{
  "model": "registration_datahub.importedagency",
  "pk": 165,
  "fields": {
    "type": "WFP",
    "label": "WFP",
    "country": "GE"
  }
},
{
  "model": "registration_datahub.importedagency",
  "pk": 166,
  "fields": {
    "type": "UNHCR",
    "label": "UNHCR",
    "country": "GE"
  }
},
{
  "model": "registration_datahub.importedagency",
  "pk": 167,
  "fields": {
    "type": "WFP",
    "label": "WFP",
    "country": "DE"
  }
},
{
  "model": "registration_datahub.importedagency",
  "pk": 168,
  "fields": {
    "type": "UNHCR",
    "label": "UNHCR",
    "country": "DE"
  }
},
{
  "model": "registration_datahub.importedagency",
  "pk": 169,
  "fields": {
    "type": "WFP",
    "label": "WFP",
    "country": "GH"
  }
},
{
  "model": "registration_datahub.importedagency",
  "pk": 170,
  "fields": {
    "type": "UNHCR",
    "label": "UNHCR",
    "country": "GH"
  }
},
{
  "model": "registration_datahub.importedagency",
  "pk": 171,
  "fields": {
    "type": "WFP",
    "label": "WFP",
    "country": "GI"
  }
},
{
  "model": "registration_datahub.importedagency",
  "pk": 172,
  "fields": {
    "type": "UNHCR",
    "label": "UNHCR",
    "country": "GI"
  }
},
{
  "model": "registration_datahub.importedagency",
  "pk": 173,
  "fields": {
    "type": "WFP",
    "label": "WFP",
    "country": "GR"
  }
},
{
  "model": "registration_datahub.importedagency",
  "pk": 174,
  "fields": {
    "type": "UNHCR",
    "label": "UNHCR",
    "country": "GR"
  }
},
{
  "model": "registration_datahub.importedagency",
  "pk": 175,
  "fields": {
    "type": "WFP",
    "label": "WFP",
    "country": "GL"
  }
},
{
  "model": "registration_datahub.importedagency",
  "pk": 176,
  "fields": {
    "type": "UNHCR",
    "label": "UNHCR",
    "country": "GL"
  }
},
{
  "model": "registration_datahub.importedagency",
  "pk": 177,
  "fields": {
    "type": "WFP",
    "label": "WFP",
    "country": "GD"
  }
},
{
  "model": "registration_datahub.importedagency",
  "pk": 178,
  "fields": {
    "type": "UNHCR",
    "label": "UNHCR",
    "country": "GD"
  }
},
{
  "model": "registration_datahub.importedagency",
  "pk": 179,
  "fields": {
    "type": "WFP",
    "label": "WFP",
    "country": "GP"
  }
},
{
  "model": "registration_datahub.importedagency",
  "pk": 180,
  "fields": {
    "type": "UNHCR",
    "label": "UNHCR",
    "country": "GP"
  }
},
{
  "model": "registration_datahub.importedagency",
  "pk": 181,
  "fields": {
    "type": "WFP",
    "label": "WFP",
    "country": "GU"
  }
},
{
  "model": "registration_datahub.importedagency",
  "pk": 182,
  "fields": {
    "type": "UNHCR",
    "label": "UNHCR",
    "country": "GU"
  }
},
{
  "model": "registration_datahub.importedagency",
  "pk": 183,
  "fields": {
    "type": "WFP",
    "label": "WFP",
    "country": "GT"
  }
},
{
  "model": "registration_datahub.importedagency",
  "pk": 184,
  "fields": {
    "type": "UNHCR",
    "label": "UNHCR",
    "country": "GT"
  }
},
{
  "model": "registration_datahub.importedagency",
  "pk": 185,
  "fields": {
    "type": "WFP",
    "label": "WFP",
    "country": "GG"
  }
},
{
  "model": "registration_datahub.importedagency",
  "pk": 186,
  "fields": {
    "type": "UNHCR",
    "label": "UNHCR",
    "country": "GG"
  }
},
{
  "model": "registration_datahub.importedagency",
  "pk": 187,
  "fields": {
    "type": "WFP",
    "label": "WFP",
    "country": "GN"
  }
},
{
  "model": "registration_datahub.importedagency",
  "pk": 188,
  "fields": {
    "type": "UNHCR",
    "label": "UNHCR",
    "country": "GN"
  }
},
{
  "model": "registration_datahub.importedagency",
  "pk": 189,
  "fields": {
    "type": "WFP",
    "label": "WFP",
    "country": "GW"
  }
},
{
  "model": "registration_datahub.importedagency",
  "pk": 190,
  "fields": {
    "type": "UNHCR",
    "label": "UNHCR",
    "country": "GW"
  }
},
{
  "model": "registration_datahub.importedagency",
  "pk": 191,
  "fields": {
    "type": "WFP",
    "label": "WFP",
    "country": "GY"
  }
},
{
  "model": "registration_datahub.importedagency",
  "pk": 192,
  "fields": {
    "type": "UNHCR",
    "label": "UNHCR",
    "country": "GY"
  }
},
{
  "model": "registration_datahub.importedagency",
  "pk": 193,
  "fields": {
    "type": "WFP",
    "label": "WFP",
    "country": "HT"
  }
},
{
  "model": "registration_datahub.importedagency",
  "pk": 194,
  "fields": {
    "type": "UNHCR",
    "label": "UNHCR",
    "country": "HT"
  }
},
{
  "model": "registration_datahub.importedagency",
  "pk": 195,
  "fields": {
    "type": "WFP",
    "label": "WFP",
    "country": "HM"
  }
},
{
  "model": "registration_datahub.importedagency",
  "pk": 196,
  "fields": {
    "type": "UNHCR",
    "label": "UNHCR",
    "country": "HM"
  }
},
{
  "model": "registration_datahub.importedagency",
  "pk": 197,
  "fields": {
    "type": "WFP",
    "label": "WFP",
    "country": "VA"
  }
},
{
  "model": "registration_datahub.importedagency",
  "pk": 198,
  "fields": {
    "type": "UNHCR",
    "label": "UNHCR",
    "country": "VA"
  }
},
{
  "model": "registration_datahub.importedagency",
  "pk": 199,
  "fields": {
    "type": "WFP",
    "label": "WFP",
    "country": "HN"
  }
},
{
  "model": "registration_datahub.importedagency",
  "pk": 200,
  "fields": {
    "type": "UNHCR",
    "label": "UNHCR",
    "country": "HN"
  }
},
{
  "model": "registration_datahub.importedagency",
  "pk": 201,
  "fields": {
    "type": "WFP",
    "label": "WFP",
    "country": "HK"
  }
},
{
  "model": "registration_datahub.importedagency",
  "pk": 202,
  "fields": {
    "type": "UNHCR",
    "label": "UNHCR",
    "country": "HK"
  }
},
{
  "model": "registration_datahub.importedagency",
  "pk": 203,
  "fields": {
    "type": "WFP",
    "label": "WFP",
    "country": "HU"
  }
},
{
  "model": "registration_datahub.importedagency",
  "pk": 204,
  "fields": {
    "type": "UNHCR",
    "label": "UNHCR",
    "country": "HU"
  }
},
{
  "model": "registration_datahub.importedagency",
  "pk": 205,
  "fields": {
    "type": "WFP",
    "label": "WFP",
    "country": "IS"
  }
},
{
  "model": "registration_datahub.importedagency",
  "pk": 206,
  "fields": {
    "type": "UNHCR",
    "label": "UNHCR",
    "country": "IS"
  }
},
{
  "model": "registration_datahub.importedagency",
  "pk": 207,
  "fields": {
    "type": "WFP",
    "label": "WFP",
    "country": "IN"
  }
},
{
  "model": "registration_datahub.importedagency",
  "pk": 208,
  "fields": {
    "type": "UNHCR",
    "label": "UNHCR",
    "country": "IN"
  }
},
{
  "model": "registration_datahub.importedagency",
  "pk": 209,
  "fields": {
    "type": "WFP",
    "label": "WFP",
    "country": "ID"
  }
},
{
  "model": "registration_datahub.importedagency",
  "pk": 210,
  "fields": {
    "type": "UNHCR",
    "label": "UNHCR",
    "country": "ID"
  }
},
{
  "model": "registration_datahub.importedagency",
  "pk": 211,
  "fields": {
    "type": "WFP",
    "label": "WFP",
    "country": "IR"
  }
},
{
  "model": "registration_datahub.importedagency",
  "pk": 212,
  "fields": {
    "type": "UNHCR",
    "label": "UNHCR",
    "country": "IR"
  }
},
{
  "model": "registration_datahub.importedagency",
  "pk": 213,
  "fields": {
    "type": "WFP",
    "label": "WFP",
    "country": "IQ"
  }
},
{
  "model": "registration_datahub.importedagency",
  "pk": 214,
  "fields": {
    "type": "UNHCR",
    "label": "UNHCR",
    "country": "IQ"
  }
},
{
  "model": "registration_datahub.importedagency",
  "pk": 215,
  "fields": {
    "type": "WFP",
    "label": "WFP",
    "country": "IE"
  }
},
{
  "model": "registration_datahub.importedagency",
  "pk": 216,
  "fields": {
    "type": "UNHCR",
    "label": "UNHCR",
    "country": "IE"
  }
},
{
  "model": "registration_datahub.importedagency",
  "pk": 217,
  "fields": {
    "type": "WFP",
    "label": "WFP",
    "country": "IM"
  }
},
{
  "model": "registration_datahub.importedagency",
  "pk": 218,
  "fields": {
    "type": "UNHCR",
    "label": "UNHCR",
    "country": "IM"
  }
},
{
  "model": "registration_datahub.importedagency",
  "pk": 219,
  "fields": {
    "type": "WFP",
    "label": "WFP",
    "country": "IL"
  }
},
{
  "model": "registration_datahub.importedagency",
  "pk": 220,
  "fields": {
    "type": "UNHCR",
    "label": "UNHCR",
    "country": "IL"
  }
},
{
  "model": "registration_datahub.importedagency",
  "pk": 221,
  "fields": {
    "type": "WFP",
    "label": "WFP",
    "country": "IT"
  }
},
{
  "model": "registration_datahub.importedagency",
  "pk": 222,
  "fields": {
    "type": "UNHCR",
    "label": "UNHCR",
    "country": "IT"
  }
},
{
  "model": "registration_datahub.importedagency",
  "pk": 223,
  "fields": {
    "type": "WFP",
    "label": "WFP",
    "country": "JM"
  }
},
{
  "model": "registration_datahub.importedagency",
  "pk": 224,
  "fields": {
    "type": "UNHCR",
    "label": "UNHCR",
    "country": "JM"
  }
},
{
  "model": "registration_datahub.importedagency",
  "pk": 225,
  "fields": {
    "type": "WFP",
    "label": "WFP",
    "country": "JP"
  }
},
{
  "model": "registration_datahub.importedagency",
  "pk": 226,
  "fields": {
    "type": "UNHCR",
    "label": "UNHCR",
    "country": "JP"
  }
},
{
  "model": "registration_datahub.importedagency",
  "pk": 227,
  "fields": {
    "type": "WFP",
    "label": "WFP",
    "country": "JE"
  }
},
{
  "model": "registration_datahub.importedagency",
  "pk": 228,
  "fields": {
    "type": "UNHCR",
    "label": "UNHCR",
    "country": "JE"
  }
},
{
  "model": "registration_datahub.importedagency",
  "pk": 229,
  "fields": {
    "type": "WFP",
    "label": "WFP",
    "country": "JO"
  }
},
{
  "model": "registration_datahub.importedagency",
  "pk": 230,
  "fields": {
    "type": "UNHCR",
    "label": "UNHCR",
    "country": "JO"
  }
},
{
  "model": "registration_datahub.importedagency",
  "pk": 231,
  "fields": {
    "type": "WFP",
    "label": "WFP",
    "country": "KZ"
  }
},
{
  "model": "registration_datahub.importedagency",
  "pk": 232,
  "fields": {
    "type": "UNHCR",
    "label": "UNHCR",
    "country": "KZ"
  }
},
{
  "model": "registration_datahub.importedagency",
  "pk": 233,
  "fields": {
    "type": "WFP",
    "label": "WFP",
    "country": "KE"
  }
},
{
  "model": "registration_datahub.importedagency",
  "pk": 234,
  "fields": {
    "type": "UNHCR",
    "label": "UNHCR",
    "country": "KE"
  }
},
{
  "model": "registration_datahub.importedagency",
  "pk": 235,
  "fields": {
    "type": "WFP",
    "label": "WFP",
    "country": "KI"
  }
},
{
  "model": "registration_datahub.importedagency",
  "pk": 236,
  "fields": {
    "type": "UNHCR",
    "label": "UNHCR",
    "country": "KI"
  }
},
{
  "model": "registration_datahub.importedagency",
  "pk": 237,
  "fields": {
    "type": "WFP",
    "label": "WFP",
    "country": "KW"
  }
},
{
  "model": "registration_datahub.importedagency",
  "pk": 238,
  "fields": {
    "type": "UNHCR",
    "label": "UNHCR",
    "country": "KW"
  }
},
{
  "model": "registration_datahub.importedagency",
  "pk": 239,
  "fields": {
    "type": "WFP",
    "label": "WFP",
    "country": "KG"
  }
},
{
  "model": "registration_datahub.importedagency",
  "pk": 240,
  "fields": {
    "type": "UNHCR",
    "label": "UNHCR",
    "country": "KG"
  }
},
{
  "model": "registration_datahub.importedagency",
  "pk": 241,
  "fields": {
    "type": "WFP",
    "label": "WFP",
    "country": "LA"
  }
},
{
  "model": "registration_datahub.importedagency",
  "pk": 242,
  "fields": {
    "type": "UNHCR",
    "label": "UNHCR",
    "country": "LA"
  }
},
{
  "model": "registration_datahub.importedagency",
  "pk": 243,
  "fields": {
    "type": "WFP",
    "label": "WFP",
    "country": "LV"
  }
},
{
  "model": "registration_datahub.importedagency",
  "pk": 244,
  "fields": {
    "type": "UNHCR",
    "label": "UNHCR",
    "country": "LV"
  }
},
{
  "model": "registration_datahub.importedagency",
  "pk": 245,
  "fields": {
    "type": "WFP",
    "label": "WFP",
    "country": "LB"
  }
},
{
  "model": "registration_datahub.importedagency",
  "pk": 246,
  "fields": {
    "type": "UNHCR",
    "label": "UNHCR",
    "country": "LB"
  }
},
{
  "model": "registration_datahub.importedagency",
  "pk": 247,
  "fields": {
    "type": "WFP",
    "label": "WFP",
    "country": "LS"
  }
},
{
  "model": "registration_datahub.importedagency",
  "pk": 248,
  "fields": {
    "type": "UNHCR",
    "label": "UNHCR",
    "country": "LS"
  }
},
{
  "model": "registration_datahub.importedagency",
  "pk": 249,
  "fields": {
    "type": "WFP",
    "label": "WFP",
    "country": "LR"
  }
},
{
  "model": "registration_datahub.importedagency",
  "pk": 250,
  "fields": {
    "type": "UNHCR",
    "label": "UNHCR",
    "country": "LR"
  }
},
{
  "model": "registration_datahub.importedagency",
  "pk": 251,
  "fields": {
    "type": "WFP",
    "label": "WFP",
    "country": "LY"
  }
},
{
  "model": "registration_datahub.importedagency",
  "pk": 252,
  "fields": {
    "type": "UNHCR",
    "label": "UNHCR",
    "country": "LY"
  }
},
{
  "model": "registration_datahub.importedagency",
  "pk": 253,
  "fields": {
    "type": "WFP",
    "label": "WFP",
    "country": "LI"
  }
},
{
  "model": "registration_datahub.importedagency",
  "pk": 254,
  "fields": {
    "type": "UNHCR",
    "label": "UNHCR",
    "country": "LI"
  }
},
{
  "model": "registration_datahub.importedagency",
  "pk": 255,
  "fields": {
    "type": "WFP",
    "label": "WFP",
    "country": "LT"
  }
},
{
  "model": "registration_datahub.importedagency",
  "pk": 256,
  "fields": {
    "type": "UNHCR",
    "label": "UNHCR",
    "country": "LT"
  }
},
{
  "model": "registration_datahub.importedagency",
  "pk": 257,
  "fields": {
    "type": "WFP",
    "label": "WFP",
    "country": "LU"
  }
},
{
  "model": "registration_datahub.importedagency",
  "pk": 258,
  "fields": {
    "type": "UNHCR",
    "label": "UNHCR",
    "country": "LU"
  }
},
{
  "model": "registration_datahub.importedagency",
  "pk": 259,
  "fields": {
    "type": "WFP",
    "label": "WFP",
    "country": "MO"
  }
},
{
  "model": "registration_datahub.importedagency",
  "pk": 260,
  "fields": {
    "type": "UNHCR",
    "label": "UNHCR",
    "country": "MO"
  }
},
{
  "model": "registration_datahub.importedagency",
  "pk": 261,
  "fields": {
    "type": "WFP",
    "label": "WFP",
    "country": "MG"
  }
},
{
  "model": "registration_datahub.importedagency",
  "pk": 262,
  "fields": {
    "type": "UNHCR",
    "label": "UNHCR",
    "country": "MG"
  }
},
{
  "model": "registration_datahub.importedagency",
  "pk": 263,
  "fields": {
    "type": "WFP",
    "label": "WFP",
    "country": "MW"
  }
},
{
  "model": "registration_datahub.importedagency",
  "pk": 264,
  "fields": {
    "type": "UNHCR",
    "label": "UNHCR",
    "country": "MW"
  }
},
{
  "model": "registration_datahub.importedagency",
  "pk": 265,
  "fields": {
    "type": "WFP",
    "label": "WFP",
    "country": "MY"
  }
},
{
  "model": "registration_datahub.importedagency",
  "pk": 266,
  "fields": {
    "type": "UNHCR",
    "label": "UNHCR",
    "country": "MY"
  }
},
{
  "model": "registration_datahub.importedagency",
  "pk": 267,
  "fields": {
    "type": "WFP",
    "label": "WFP",
    "country": "MV"
  }
},
{
  "model": "registration_datahub.importedagency",
  "pk": 268,
  "fields": {
    "type": "UNHCR",
    "label": "UNHCR",
    "country": "MV"
  }
},
{
  "model": "registration_datahub.importedagency",
  "pk": 269,
  "fields": {
    "type": "WFP",
    "label": "WFP",
    "country": "ML"
  }
},
{
  "model": "registration_datahub.importedagency",
  "pk": 270,
  "fields": {
    "type": "UNHCR",
    "label": "UNHCR",
    "country": "ML"
  }
},
{
  "model": "registration_datahub.importedagency",
  "pk": 271,
  "fields": {
    "type": "WFP",
    "label": "WFP",
    "country": "MT"
  }
},
{
  "model": "registration_datahub.importedagency",
  "pk": 272,
  "fields": {
    "type": "UNHCR",
    "label": "UNHCR",
    "country": "MT"
  }
},
{
  "model": "registration_datahub.importedagency",
  "pk": 273,
  "fields": {
    "type": "WFP",
    "label": "WFP",
    "country": "MH"
  }
},
{
  "model": "registration_datahub.importedagency",
  "pk": 274,
  "fields": {
    "type": "UNHCR",
    "label": "UNHCR",
    "country": "MH"
  }
},
{
  "model": "registration_datahub.importedagency",
  "pk": 275,
  "fields": {
    "type": "WFP",
    "label": "WFP",
    "country": "MQ"
  }
},
{
  "model": "registration_datahub.importedagency",
  "pk": 276,
  "fields": {
    "type": "UNHCR",
    "label": "UNHCR",
    "country": "MQ"
  }
},
{
  "model": "registration_datahub.importedagency",
  "pk": 277,
  "fields": {
    "type": "WFP",
    "label": "WFP",
    "country": "MR"
  }
},
{
  "model": "registration_datahub.importedagency",
  "pk": 278,
  "fields": {
    "type": "UNHCR",
    "label": "UNHCR",
    "country": "MR"
  }
},
{
  "model": "registration_datahub.importedagency",
  "pk": 279,
  "fields": {
    "type": "WFP",
    "label": "WFP",
    "country": "MU"
  }
},
{
  "model": "registration_datahub.importedagency",
  "pk": 280,
  "fields": {
    "type": "UNHCR",
    "label": "UNHCR",
    "country": "MU"
  }
},
{
  "model": "registration_datahub.importedagency",
  "pk": 281,
  "fields": {
    "type": "WFP",
    "label": "WFP",
    "country": "YT"
  }
},
{
  "model": "registration_datahub.importedagency",
  "pk": 282,
  "fields": {
    "type": "UNHCR",
    "label": "UNHCR",
    "country": "YT"
  }
},
{
  "model": "registration_datahub.importedagency",
  "pk": 283,
  "fields": {
    "type": "WFP",
    "label": "WFP",
    "country": "MX"
  }
},
{
  "model": "registration_datahub.importedagency",
  "pk": 284,
  "fields": {
    "type": "UNHCR",
    "label": "UNHCR",
    "country": "MX"
  }
},
{
  "model": "registration_datahub.importedagency",
  "pk": 285,
  "fields": {
    "type": "WFP",
    "label": "WFP",
    "country": "FM"
  }
},
{
  "model": "registration_datahub.importedagency",
  "pk": 286,
  "fields": {
    "type": "UNHCR",
    "label": "UNHCR",
    "country": "FM"
  }
},
{
  "model": "registration_datahub.importedagency",
  "pk": 287,
  "fields": {
    "type": "WFP",
    "label": "WFP",
    "country": "MD"
  }
},
{
  "model": "registration_datahub.importedagency",
  "pk": 288,
  "fields": {
    "type": "UNHCR",
    "label": "UNHCR",
    "country": "MD"
  }
},
{
  "model": "registration_datahub.importedagency",
  "pk": 289,
  "fields": {
    "type": "WFP",
    "label": "WFP",
    "country": "MC"
  }
},
{
  "model": "registration_datahub.importedagency",
  "pk": 290,
  "fields": {
    "type": "UNHCR",
    "label": "UNHCR",
    "country": "MC"
  }
},
{
  "model": "registration_datahub.importedagency",
  "pk": 291,
  "fields": {
    "type": "WFP",
    "label": "WFP",
    "country": "MN"
  }
},
{
  "model": "registration_datahub.importedagency",
  "pk": 292,
  "fields": {
    "type": "UNHCR",
    "label": "UNHCR",
    "country": "MN"
  }
},
{
  "model": "registration_datahub.importedagency",
  "pk": 293,
  "fields": {
    "type": "WFP",
    "label": "WFP",
    "country": "ME"
  }
},
{
  "model": "registration_datahub.importedagency",
  "pk": 294,
  "fields": {
    "type": "UNHCR",
    "label": "UNHCR",
    "country": "ME"
  }
},
{
  "model": "registration_datahub.importedagency",
  "pk": 295,
  "fields": {
    "type": "WFP",
    "label": "WFP",
    "country": "MS"
  }
},
{
  "model": "registration_datahub.importedagency",
  "pk": 296,
  "fields": {
    "type": "UNHCR",
    "label": "UNHCR",
    "country": "MS"
  }
},
{
  "model": "registration_datahub.importedagency",
  "pk": 297,
  "fields": {
    "type": "WFP",
    "label": "WFP",
    "country": "MA"
  }
},
{
  "model": "registration_datahub.importedagency",
  "pk": 298,
  "fields": {
    "type": "UNHCR",
    "label": "UNHCR",
    "country": "MA"
  }
},
{
  "model": "registration_datahub.importedagency",
  "pk": 299,
  "fields": {
    "type": "WFP",
    "label": "WFP",
    "country": "MZ"
  }
},
{
  "model": "registration_datahub.importedagency",
  "pk": 300,
  "fields": {
    "type": "UNHCR",
    "label": "UNHCR",
    "country": "MZ"
  }
},
{
  "model": "registration_datahub.importedagency",
  "pk": 301,
  "fields": {
    "type": "WFP",
    "label": "WFP",
    "country": "MM"
  }
},
{
  "model": "registration_datahub.importedagency",
  "pk": 302,
  "fields": {
    "type": "UNHCR",
    "label": "UNHCR",
    "country": "MM"
  }
},
{
  "model": "registration_datahub.importedagency",
  "pk": 303,
  "fields": {
    "type": "WFP",
    "label": "WFP",
    "country": "NA"
  }
},
{
  "model": "registration_datahub.importedagency",
  "pk": 304,
  "fields": {
    "type": "UNHCR",
    "label": "UNHCR",
    "country": "NA"
  }
},
{
  "model": "registration_datahub.importedagency",
  "pk": 305,
  "fields": {
    "type": "WFP",
    "label": "WFP",
    "country": "NR"
  }
},
{
  "model": "registration_datahub.importedagency",
  "pk": 306,
  "fields": {
    "type": "UNHCR",
    "label": "UNHCR",
    "country": "NR"
  }
},
{
  "model": "registration_datahub.importedagency",
  "pk": 307,
  "fields": {
    "type": "WFP",
    "label": "WFP",
    "country": "NP"
  }
},
{
  "model": "registration_datahub.importedagency",
  "pk": 308,
  "fields": {
    "type": "UNHCR",
    "label": "UNHCR",
    "country": "NP"
  }
},
{
  "model": "registration_datahub.importedagency",
  "pk": 309,
  "fields": {
    "type": "WFP",
    "label": "WFP",
    "country": "NL"
  }
},
{
  "model": "registration_datahub.importedagency",
  "pk": 310,
  "fields": {
    "type": "UNHCR",
    "label": "UNHCR",
    "country": "NL"
  }
},
{
  "model": "registration_datahub.importedagency",
  "pk": 311,
  "fields": {
    "type": "WFP",
    "label": "WFP",
    "country": "NC"
  }
},
{
  "model": "registration_datahub.importedagency",
  "pk": 312,
  "fields": {
    "type": "UNHCR",
    "label": "UNHCR",
    "country": "NC"
  }
},
{
  "model": "registration_datahub.importedagency",
  "pk": 313,
  "fields": {
    "type": "WFP",
    "label": "WFP",
    "country": "NZ"
  }
},
{
  "model": "registration_datahub.importedagency",
  "pk": 314,
  "fields": {
    "type": "UNHCR",
    "label": "UNHCR",
    "country": "NZ"
  }
},
{
  "model": "registration_datahub.importedagency",
  "pk": 315,
  "fields": {
    "type": "WFP",
    "label": "WFP",
    "country": "NI"
  }
},
{
  "model": "registration_datahub.importedagency",
  "pk": 316,
  "fields": {
    "type": "UNHCR",
    "label": "UNHCR",
    "country": "NI"
  }
},
{
  "model": "registration_datahub.importedagency",
  "pk": 317,
  "fields": {
    "type": "WFP",
    "label": "WFP",
    "country": "NE"
  }
},
{
  "model": "registration_datahub.importedagency",
  "pk": 318,
  "fields": {
    "type": "UNHCR",
    "label": "UNHCR",
    "country": "NE"
  }
},
{
  "model": "registration_datahub.importedagency",
  "pk": 319,
  "fields": {
    "type": "WFP",
    "label": "WFP",
    "country": "NG"
  }
},
{
  "model": "registration_datahub.importedagency",
  "pk": 320,
  "fields": {
    "type": "UNHCR",
    "label": "UNHCR",
    "country": "NG"
  }
},
{
  "model": "registration_datahub.importedagency",
  "pk": 321,
  "fields": {
    "type": "WFP",
    "label": "WFP",
    "country": "NU"
  }
},
{
  "model": "registration_datahub.importedagency",
  "pk": 322,
  "fields": {
    "type": "UNHCR",
    "label": "UNHCR",
    "country": "NU"
  }
},
{
  "model": "registration_datahub.importedagency",
  "pk": 323,
  "fields": {
    "type": "WFP",
    "label": "WFP",
    "country": "NF"
  }
},
{
  "model": "registration_datahub.importedagency",
  "pk": 324,
  "fields": {
    "type": "UNHCR",
    "label": "UNHCR",
    "country": "NF"
  }
},
{
  "model": "registration_datahub.importedagency",
  "pk": 325,
  "fields": {
    "type": "WFP",
    "label": "WFP",
    "country": "KP"
  }
},
{
  "model": "registration_datahub.importedagency",
  "pk": 326,
  "fields": {
    "type": "UNHCR",
    "label": "UNHCR",
    "country": "KP"
  }
},
{
  "model": "registration_datahub.importedagency",
  "pk": 327,
  "fields": {
    "type": "WFP",
    "label": "WFP",
    "country": "MK"
  }
},
{
  "model": "registration_datahub.importedagency",
  "pk": 328,
  "fields": {
    "type": "UNHCR",
    "label": "UNHCR",
    "country": "MK"
  }
},
{
  "model": "registration_datahub.importedagency",
  "pk": 329,
  "fields": {
    "type": "WFP",
    "label": "WFP",
    "country": "MP"
  }
},
{
  "model": "registration_datahub.importedagency",
  "pk": 330,
  "fields": {
    "type": "UNHCR",
    "label": "UNHCR",
    "country": "MP"
  }
},
{
  "model": "registration_datahub.importedagency",
  "pk": 331,
  "fields": {
    "type": "WFP",
    "label": "WFP",
    "country": "NO"
  }
},
{
  "model": "registration_datahub.importedagency",
  "pk": 332,
  "fields": {
    "type": "UNHCR",
    "label": "UNHCR",
    "country": "NO"
  }
},
{
  "model": "registration_datahub.importedagency",
  "pk": 333,
  "fields": {
    "type": "WFP",
    "label": "WFP",
    "country": "OM"
  }
},
{
  "model": "registration_datahub.importedagency",
  "pk": 334,
  "fields": {
    "type": "UNHCR",
    "label": "UNHCR",
    "country": "OM"
  }
},
{
  "model": "registration_datahub.importedagency",
  "pk": 335,
  "fields": {
    "type": "WFP",
    "label": "WFP",
    "country": "PK"
  }
},
{
  "model": "registration_datahub.importedagency",
  "pk": 336,
  "fields": {
    "type": "UNHCR",
    "label": "UNHCR",
    "country": "PK"
  }
},
{
  "model": "registration_datahub.importedagency",
  "pk": 337,
  "fields": {
    "type": "WFP",
    "label": "WFP",
    "country": "PW"
  }
},
{
  "model": "registration_datahub.importedagency",
  "pk": 338,
  "fields": {
    "type": "UNHCR",
    "label": "UNHCR",
    "country": "PW"
  }
},
{
  "model": "registration_datahub.importedagency",
  "pk": 339,
  "fields": {
    "type": "WFP",
    "label": "WFP",
    "country": "PS"
  }
},
{
  "model": "registration_datahub.importedagency",
  "pk": 340,
  "fields": {
    "type": "UNHCR",
    "label": "UNHCR",
    "country": "PS"
  }
},
{
  "model": "registration_datahub.importedagency",
  "pk": 341,
  "fields": {
    "type": "WFP",
    "label": "WFP",
    "country": "PA"
  }
},
{
  "model": "registration_datahub.importedagency",
  "pk": 342,
  "fields": {
    "type": "UNHCR",
    "label": "UNHCR",
    "country": "PA"
  }
},
{
  "model": "registration_datahub.importedagency",
  "pk": 343,
  "fields": {
    "type": "WFP",
    "label": "WFP",
    "country": "PG"
  }
},
{
  "model": "registration_datahub.importedagency",
  "pk": 344,
  "fields": {
    "type": "UNHCR",
    "label": "UNHCR",
    "country": "PG"
  }
},
{
  "model": "registration_datahub.importedagency",
  "pk": 345,
  "fields": {
    "type": "WFP",
    "label": "WFP",
    "country": "PY"
  }
},
{
  "model": "registration_datahub.importedagency",
  "pk": 346,
  "fields": {
    "type": "UNHCR",
    "label": "UNHCR",
    "country": "PY"
  }
},
{
  "model": "registration_datahub.importedagency",
  "pk": 347,
  "fields": {
    "type": "WFP",
    "label": "WFP",
    "country": "PE"
  }
},
{
  "model": "registration_datahub.importedagency",
  "pk": 348,
  "fields": {
    "type": "UNHCR",
    "label": "UNHCR",
    "country": "PE"
  }
},
{
  "model": "registration_datahub.importedagency",
  "pk": 349,
  "fields": {
    "type": "WFP",
    "label": "WFP",
    "country": "PH"
  }
},
{
  "model": "registration_datahub.importedagency",
  "pk": 350,
  "fields": {
    "type": "UNHCR",
    "label": "UNHCR",
    "country": "PH"
  }
},
{
  "model": "registration_datahub.importedagency",
  "pk": 351,
  "fields": {
    "type": "WFP",
    "label": "WFP",
    "country": "PN"
  }
},
{
  "model": "registration_datahub.importedagency",
  "pk": 352,
  "fields": {
    "type": "UNHCR",
    "label": "UNHCR",
    "country": "PN"
  }
},
{
  "model": "registration_datahub.importedagency",
  "pk": 353,
  "fields": {
    "type": "WFP",
    "label": "WFP",
    "country": "PL"
  }
},
{
  "model": "registration_datahub.importedagency",
  "pk": 354,
  "fields": {
    "type": "UNHCR",
    "label": "UNHCR",
    "country": "PL"
  }
},
{
  "model": "registration_datahub.importedagency",
  "pk": 355,
  "fields": {
    "type": "WFP",
    "label": "WFP",
    "country": "PT"
  }
},
{
  "model": "registration_datahub.importedagency",
  "pk": 356,
  "fields": {
    "type": "UNHCR",
    "label": "UNHCR",
    "country": "PT"
  }
},
{
  "model": "registration_datahub.importedagency",
  "pk": 357,
  "fields": {
    "type": "WFP",
    "label": "WFP",
    "country": "PR"
  }
},
{
  "model": "registration_datahub.importedagency",
  "pk": 358,
  "fields": {
    "type": "UNHCR",
    "label": "UNHCR",
    "country": "PR"
  }
},
{
  "model": "registration_datahub.importedagency",
  "pk": 359,
  "fields": {
    "type": "WFP",
    "label": "WFP",
    "country": "QA"
  }
},
{
  "model": "registration_datahub.importedagency",
  "pk": 360,
  "fields": {
    "type": "UNHCR",
    "label": "UNHCR",
    "country": "QA"
  }
},
{
  "model": "registration_datahub.importedagency",
  "pk": 361,
  "fields": {
    "type": "WFP",
    "label": "WFP",
    "country": "RE"
  }
},
{
  "model": "registration_datahub.importedagency",
  "pk": 362,
  "fields": {
    "type": "UNHCR",
    "label": "UNHCR",
    "country": "RE"
  }
},
{
  "model": "registration_datahub.importedagency",
  "pk": 363,
  "fields": {
    "type": "WFP",
    "label": "WFP",
    "country": "RO"
  }
},
{
  "model": "registration_datahub.importedagency",
  "pk": 364,
  "fields": {
    "type": "UNHCR",
    "label": "UNHCR",
    "country": "RO"
  }
},
{
  "model": "registration_datahub.importedagency",
  "pk": 365,
  "fields": {
    "type": "WFP",
    "label": "WFP",
    "country": "RU"
  }
},
{
  "model": "registration_datahub.importedagency",
  "pk": 366,
  "fields": {
    "type": "UNHCR",
    "label": "UNHCR",
    "country": "RU"
  }
},
{
  "model": "registration_datahub.importedagency",
  "pk": 367,
  "fields": {
    "type": "WFP",
    "label": "WFP",
    "country": "RW"
  }
},
{
  "model": "registration_datahub.importedagency",
  "pk": 368,
  "fields": {
    "type": "UNHCR",
    "label": "UNHCR",
    "country": "RW"
  }
},
{
  "model": "registration_datahub.importedagency",
  "pk": 369,
  "fields": {
    "type": "WFP",
    "label": "WFP",
    "country": "BL"
  }
},
{
  "model": "registration_datahub.importedagency",
  "pk": 370,
  "fields": {
    "type": "UNHCR",
    "label": "UNHCR",
    "country": "BL"
  }
},
{
  "model": "registration_datahub.importedagency",
  "pk": 371,
  "fields": {
    "type": "WFP",
    "label": "WFP",
    "country": "SH"
  }
},
{
  "model": "registration_datahub.importedagency",
  "pk": 372,
  "fields": {
    "type": "UNHCR",
    "label": "UNHCR",
    "country": "SH"
  }
},
{
  "model": "registration_datahub.importedagency",
  "pk": 373,
  "fields": {
    "type": "WFP",
    "label": "WFP",
    "country": "KN"
  }
},
{
  "model": "registration_datahub.importedagency",
  "pk": 374,
  "fields": {
    "type": "UNHCR",
    "label": "UNHCR",
    "country": "KN"
  }
},
{
  "model": "registration_datahub.importedagency",
  "pk": 375,
  "fields": {
    "type": "WFP",
    "label": "WFP",
    "country": "LC"
  }
},
{
  "model": "registration_datahub.importedagency",
  "pk": 376,
  "fields": {
    "type": "UNHCR",
    "label": "UNHCR",
    "country": "LC"
  }
},
{
  "model": "registration_datahub.importedagency",
  "pk": 377,
  "fields": {
    "type": "WFP",
    "label": "WFP",
    "country": "MF"
  }
},
{
  "model": "registration_datahub.importedagency",
  "pk": 378,
  "fields": {
    "type": "UNHCR",
    "label": "UNHCR",
    "country": "MF"
  }
},
{
  "model": "registration_datahub.importedagency",
  "pk": 379,
  "fields": {
    "type": "WFP",
    "label": "WFP",
    "country": "PM"
  }
},
{
  "model": "registration_datahub.importedagency",
  "pk": 380,
  "fields": {
    "type": "UNHCR",
    "label": "UNHCR",
    "country": "PM"
  }
},
{
  "model": "registration_datahub.importedagency",
  "pk": 381,
  "fields": {
    "type": "WFP",
    "label": "WFP",
    "country": "VC"
  }
},
{
  "model": "registration_datahub.importedagency",
  "pk": 382,
  "fields": {
    "type": "UNHCR",
    "label": "UNHCR",
    "country": "VC"
  }
},
{
  "model": "registration_datahub.importedagency",
  "pk": 383,
  "fields": {
    "type": "WFP",
    "label": "WFP",
    "country": "WS"
  }
},
{
  "model": "registration_datahub.importedagency",
  "pk": 384,
  "fields": {
    "type": "UNHCR",
    "label": "UNHCR",
    "country": "WS"
  }
},
{
  "model": "registration_datahub.importedagency",
  "pk": 385,
  "fields": {
    "type": "WFP",
    "label": "WFP",
    "country": "SM"
  }
},
{
  "model": "registration_datahub.importedagency",
  "pk": 386,
  "fields": {
    "type": "UNHCR",
    "label": "UNHCR",
    "country": "SM"
  }
},
{
  "model": "registration_datahub.importedagency",
  "pk": 387,
  "fields": {
    "type": "WFP",
    "label": "WFP",
    "country": "ST"
  }
},
{
  "model": "registration_datahub.importedagency",
  "pk": 388,
  "fields": {
    "type": "UNHCR",
    "label": "UNHCR",
    "country": "ST"
  }
},
{
  "model": "registration_datahub.importedagency",
  "pk": 389,
  "fields": {
    "type": "WFP",
    "label": "WFP",
    "country": "SA"
  }
},
{
  "model": "registration_datahub.importedagency",
  "pk": 390,
  "fields": {
    "type": "UNHCR",
    "label": "UNHCR",
    "country": "SA"
  }
},
{
  "model": "registration_datahub.importedagency",
  "pk": 391,
  "fields": {
    "type": "WFP",
    "label": "WFP",
    "country": "SN"
  }
},
{
  "model": "registration_datahub.importedagency",
  "pk": 392,
  "fields": {
    "type": "UNHCR",
    "label": "UNHCR",
    "country": "SN"
  }
},
{
  "model": "registration_datahub.importedagency",
  "pk": 393,
  "fields": {
    "type": "WFP",
    "label": "WFP",
    "country": "RS"
  }
},
{
  "model": "registration_datahub.importedagency",
  "pk": 394,
  "fields": {
    "type": "UNHCR",
    "label": "UNHCR",
    "country": "RS"
  }
},
{
  "model": "registration_datahub.importedagency",
  "pk": 395,
  "fields": {
    "type": "WFP",
    "label": "WFP",
    "country": "SC"
  }
},
{
  "model": "registration_datahub.importedagency",
  "pk": 396,
  "fields": {
    "type": "UNHCR",
    "label": "UNHCR",
    "country": "SC"
  }
},
{
  "model": "registration_datahub.importedagency",
  "pk": 397,
  "fields": {
    "type": "WFP",
    "label": "WFP",
    "country": "SL"
  }
},
{
  "model": "registration_datahub.importedagency",
  "pk": 398,
  "fields": {
    "type": "UNHCR",
    "label": "UNHCR",
    "country": "SL"
  }
},
{
  "model": "registration_datahub.importedagency",
  "pk": 399,
  "fields": {
    "type": "WFP",
    "label": "WFP",
    "country": "SG"
  }
},
{
  "model": "registration_datahub.importedagency",
  "pk": 400,
  "fields": {
    "type": "UNHCR",
    "label": "UNHCR",
    "country": "SG"
  }
},
{
  "model": "registration_datahub.importedagency",
  "pk": 401,
  "fields": {
    "type": "WFP",
    "label": "WFP",
    "country": "SX"
  }
},
{
  "model": "registration_datahub.importedagency",
  "pk": 402,
  "fields": {
    "type": "UNHCR",
    "label": "UNHCR",
    "country": "SX"
  }
},
{
  "model": "registration_datahub.importedagency",
  "pk": 403,
  "fields": {
    "type": "WFP",
    "label": "WFP",
    "country": "SK"
  }
},
{
  "model": "registration_datahub.importedagency",
  "pk": 404,
  "fields": {
    "type": "UNHCR",
    "label": "UNHCR",
    "country": "SK"
  }
},
{
  "model": "registration_datahub.importedagency",
  "pk": 405,
  "fields": {
    "type": "WFP",
    "label": "WFP",
    "country": "SI"
  }
},
{
  "model": "registration_datahub.importedagency",
  "pk": 406,
  "fields": {
    "type": "UNHCR",
    "label": "UNHCR",
    "country": "SI"
  }
},
{
  "model": "registration_datahub.importedagency",
  "pk": 407,
  "fields": {
    "type": "WFP",
    "label": "WFP",
    "country": "SB"
  }
},
{
  "model": "registration_datahub.importedagency",
  "pk": 408,
  "fields": {
    "type": "UNHCR",
    "label": "UNHCR",
    "country": "SB"
  }
},
{
  "model": "registration_datahub.importedagency",
  "pk": 409,
  "fields": {
    "type": "WFP",
    "label": "WFP",
    "country": "SO"
  }
},
{
  "model": "registration_datahub.importedagency",
  "pk": 410,
  "fields": {
    "type": "UNHCR",
    "label": "UNHCR",
    "country": "SO"
  }
},
{
  "model": "registration_datahub.importedagency",
  "pk": 411,
  "fields": {
    "type": "WFP",
    "label": "WFP",
    "country": "ZA"
  }
},
{
  "model": "registration_datahub.importedagency",
  "pk": 412,
  "fields": {
    "type": "UNHCR",
    "label": "UNHCR",
    "country": "ZA"
  }
},
{
  "model": "registration_datahub.importedagency",
  "pk": 413,
  "fields": {
    "type": "WFP",
    "label": "WFP",
    "country": "GS"
  }
},
{
  "model": "registration_datahub.importedagency",
  "pk": 414,
  "fields": {
    "type": "UNHCR",
    "label": "UNHCR",
    "country": "GS"
  }
},
{
  "model": "registration_datahub.importedagency",
  "pk": 415,
  "fields": {
    "type": "WFP",
    "label": "WFP",
    "country": "KR"
  }
},
{
  "model": "registration_datahub.importedagency",
  "pk": 416,
  "fields": {
    "type": "UNHCR",
    "label": "UNHCR",
    "country": "KR"
  }
},
{
  "model": "registration_datahub.importedagency",
  "pk": 417,
  "fields": {
    "type": "WFP",
    "label": "WFP",
    "country": "SS"
  }
},
{
  "model": "registration_datahub.importedagency",
  "pk": 418,
  "fields": {
    "type": "UNHCR",
    "label": "UNHCR",
    "country": "SS"
  }
},
{
  "model": "registration_datahub.importedagency",
  "pk": 419,
  "fields": {
    "type": "WFP",
    "label": "WFP",
    "country": "ES"
  }
},
{
  "model": "registration_datahub.importedagency",
  "pk": 420,
  "fields": {
    "type": "UNHCR",
    "label": "UNHCR",
    "country": "ES"
  }
},
{
  "model": "registration_datahub.importedagency",
  "pk": 421,
  "fields": {
    "type": "WFP",
    "label": "WFP",
    "country": "LK"
  }
},
{
  "model": "registration_datahub.importedagency",
  "pk": 422,
  "fields": {
    "type": "UNHCR",
    "label": "UNHCR",
    "country": "LK"
  }
},
{
  "model": "registration_datahub.importedagency",
  "pk": 423,
  "fields": {
    "type": "WFP",
    "label": "WFP",
    "country": "SD"
  }
},
{
  "model": "registration_datahub.importedagency",
  "pk": 424,
  "fields": {
    "type": "UNHCR",
    "label": "UNHCR",
    "country": "SD"
  }
},
{
  "model": "registration_datahub.importedagency",
  "pk": 425,
  "fields": {
    "type": "WFP",
    "label": "WFP",
    "country": "SR"
  }
},
{
  "model": "registration_datahub.importedagency",
  "pk": 426,
  "fields": {
    "type": "UNHCR",
    "label": "UNHCR",
    "country": "SR"
  }
},
{
  "model": "registration_datahub.importedagency",
  "pk": 427,
  "fields": {
    "type": "WFP",
    "label": "WFP",
    "country": "SJ"
  }
},
{
  "model": "registration_datahub.importedagency",
  "pk": 428,
  "fields": {
    "type": "UNHCR",
    "label": "UNHCR",
    "country": "SJ"
  }
},
{
  "model": "registration_datahub.importedagency",
  "pk": 429,
  "fields": {
    "type": "WFP",
    "label": "WFP",
    "country": "SE"
  }
},
{
  "model": "registration_datahub.importedagency",
  "pk": 430,
  "fields": {
    "type": "UNHCR",
    "label": "UNHCR",
    "country": "SE"
  }
},
{
  "model": "registration_datahub.importedagency",
  "pk": 431,
  "fields": {
    "type": "WFP",
    "label": "WFP",
    "country": "CH"
  }
},
{
  "model": "registration_datahub.importedagency",
  "pk": 432,
  "fields": {
    "type": "UNHCR",
    "label": "UNHCR",
    "country": "CH"
  }
},
{
  "model": "registration_datahub.importedagency",
  "pk": 433,
  "fields": {
    "type": "WFP",
    "label": "WFP",
    "country": "SY"
  }
},
{
  "model": "registration_datahub.importedagency",
  "pk": 434,
  "fields": {
    "type": "UNHCR",
    "label": "UNHCR",
    "country": "SY"
  }
},
{
  "model": "registration_datahub.importedagency",
  "pk": 435,
  "fields": {
    "type": "WFP",
    "label": "WFP",
    "country": "TW"
  }
},
{
  "model": "registration_datahub.importedagency",
  "pk": 436,
  "fields": {
    "type": "UNHCR",
    "label": "UNHCR",
    "country": "TW"
  }
},
{
  "model": "registration_datahub.importedagency",
  "pk": 437,
  "fields": {
    "type": "WFP",
    "label": "WFP",
    "country": "TJ"
  }
},
{
  "model": "registration_datahub.importedagency",
  "pk": 438,
  "fields": {
    "type": "UNHCR",
    "label": "UNHCR",
    "country": "TJ"
  }
},
{
  "model": "registration_datahub.importedagency",
  "pk": 439,
  "fields": {
    "type": "WFP",
    "label": "WFP",
    "country": "TZ"
  }
},
{
  "model": "registration_datahub.importedagency",
  "pk": 440,
  "fields": {
    "type": "UNHCR",
    "label": "UNHCR",
    "country": "TZ"
  }
},
{
  "model": "registration_datahub.importedagency",
  "pk": 441,
  "fields": {
    "type": "WFP",
    "label": "WFP",
    "country": "TH"
  }
},
{
  "model": "registration_datahub.importedagency",
  "pk": 442,
  "fields": {
    "type": "UNHCR",
    "label": "UNHCR",
    "country": "TH"
  }
},
{
  "model": "registration_datahub.importedagency",
  "pk": 443,
  "fields": {
    "type": "WFP",
    "label": "WFP",
    "country": "TL"
  }
},
{
  "model": "registration_datahub.importedagency",
  "pk": 444,
  "fields": {
    "type": "UNHCR",
    "label": "UNHCR",
    "country": "TL"
  }
},
{
  "model": "registration_datahub.importedagency",
  "pk": 445,
  "fields": {
    "type": "WFP",
    "label": "WFP",
    "country": "TG"
  }
},
{
  "model": "registration_datahub.importedagency",
  "pk": 446,
  "fields": {
    "type": "UNHCR",
    "label": "UNHCR",
    "country": "TG"
  }
},
{
  "model": "registration_datahub.importedagency",
  "pk": 447,
  "fields": {
    "type": "WFP",
    "label": "WFP",
    "country": "TK"
  }
},
{
  "model": "registration_datahub.importedagency",
  "pk": 448,
  "fields": {
    "type": "UNHCR",
    "label": "UNHCR",
    "country": "TK"
  }
},
{
  "model": "registration_datahub.importedagency",
  "pk": 449,
  "fields": {
    "type": "WFP",
    "label": "WFP",
    "country": "TO"
  }
},
{
  "model": "registration_datahub.importedagency",
  "pk": 450,
  "fields": {
    "type": "UNHCR",
    "label": "UNHCR",
    "country": "TO"
  }
},
{
  "model": "registration_datahub.importedagency",
  "pk": 451,
  "fields": {
    "type": "WFP",
    "label": "WFP",
    "country": "TT"
  }
},
{
  "model": "registration_datahub.importedagency",
  "pk": 452,
  "fields": {
    "type": "UNHCR",
    "label": "UNHCR",
    "country": "TT"
  }
},
{
  "model": "registration_datahub.importedagency",
  "pk": 453,
  "fields": {
    "type": "WFP",
    "label": "WFP",
    "country": "TN"
  }
},
{
  "model": "registration_datahub.importedagency",
  "pk": 454,
  "fields": {
    "type": "UNHCR",
    "label": "UNHCR",
    "country": "TN"
  }
},
{
  "model": "registration_datahub.importedagency",
  "pk": 455,
  "fields": {
    "type": "WFP",
    "label": "WFP",
    "country": "TR"
  }
},
{
  "model": "registration_datahub.importedagency",
  "pk": 456,
  "fields": {
    "type": "UNHCR",
    "label": "UNHCR",
    "country": "TR"
  }
},
{
  "model": "registration_datahub.importedagency",
  "pk": 457,
  "fields": {
    "type": "WFP",
    "label": "WFP",
    "country": "TM"
  }
},
{
  "model": "registration_datahub.importedagency",
  "pk": 458,
  "fields": {
    "type": "UNHCR",
    "label": "UNHCR",
    "country": "TM"
  }
},
{
  "model": "registration_datahub.importedagency",
  "pk": 459,
  "fields": {
    "type": "WFP",
    "label": "WFP",
    "country": "TC"
  }
},
{
  "model": "registration_datahub.importedagency",
  "pk": 460,
  "fields": {
    "type": "UNHCR",
    "label": "UNHCR",
    "country": "TC"
  }
},
{
  "model": "registration_datahub.importedagency",
  "pk": 461,
  "fields": {
    "type": "WFP",
    "label": "WFP",
    "country": "TV"
  }
},
{
  "model": "registration_datahub.importedagency",
  "pk": 462,
  "fields": {
    "type": "UNHCR",
    "label": "UNHCR",
    "country": "TV"
  }
},
{
  "model": "registration_datahub.importedagency",
  "pk": 463,
  "fields": {
    "type": "WFP",
    "label": "WFP",
    "country": "UG"
  }
},
{
  "model": "registration_datahub.importedagency",
  "pk": 464,
  "fields": {
    "type": "UNHCR",
    "label": "UNHCR",
    "country": "UG"
  }
},
{
  "model": "registration_datahub.importedagency",
  "pk": 465,
  "fields": {
    "type": "WFP",
    "label": "WFP",
    "country": "UA"
  }
},
{
  "model": "registration_datahub.importedagency",
  "pk": 466,
  "fields": {
    "type": "UNHCR",
    "label": "UNHCR",
    "country": "UA"
  }
},
{
  "model": "registration_datahub.importedagency",
  "pk": 467,
  "fields": {
    "type": "WFP",
    "label": "WFP",
    "country": "AE"
  }
},
{
  "model": "registration_datahub.importedagency",
  "pk": 468,
  "fields": {
    "type": "UNHCR",
    "label": "UNHCR",
    "country": "AE"
  }
},
{
  "model": "registration_datahub.importedagency",
  "pk": 469,
  "fields": {
    "type": "WFP",
    "label": "WFP",
    "country": "GB"
  }
},
{
  "model": "registration_datahub.importedagency",
  "pk": 470,
  "fields": {
    "type": "UNHCR",
    "label": "UNHCR",
    "country": "GB"
  }
},
{
  "model": "registration_datahub.importedagency",
  "pk": 471,
  "fields": {
    "type": "WFP",
    "label": "WFP",
    "country": "UM"
  }
},
{
  "model": "registration_datahub.importedagency",
  "pk": 472,
  "fields": {
    "type": "UNHCR",
    "label": "UNHCR",
    "country": "UM"
  }
},
{
  "model": "registration_datahub.importedagency",
  "pk": 473,
  "fields": {
    "type": "WFP",
    "label": "WFP",
    "country": "US"
  }
},
{
  "model": "registration_datahub.importedagency",
  "pk": 474,
  "fields": {
    "type": "UNHCR",
    "label": "UNHCR",
    "country": "US"
  }
},
{
  "model": "registration_datahub.importedagency",
  "pk": 475,
  "fields": {
    "type": "WFP",
    "label": "WFP",
    "country": "U"
  }
},
{
  "model": "registration_datahub.importedagency",
  "pk": 476,
  "fields": {
    "type": "UNHCR",
    "label": "UNHCR",
    "country": "U"
  }
},
{
  "model": "registration_datahub.importedagency",
  "pk": 477,
  "fields": {
    "type": "WFP",
    "label": "WFP",
    "country": "UY"
  }
},
{
  "model": "registration_datahub.importedagency",
  "pk": 478,
  "fields": {
    "type": "UNHCR",
    "label": "UNHCR",
    "country": "UY"
  }
},
{
  "model": "registration_datahub.importedagency",
  "pk": 479,
  "fields": {
    "type": "WFP",
    "label": "WFP",
    "country": "UZ"
  }
},
{
  "model": "registration_datahub.importedagency",
  "pk": 480,
  "fields": {
    "type": "UNHCR",
    "label": "UNHCR",
    "country": "UZ"
  }
},
{
  "model": "registration_datahub.importedagency",
  "pk": 481,
  "fields": {
    "type": "WFP",
    "label": "WFP",
    "country": "VU"
  }
},
{
  "model": "registration_datahub.importedagency",
  "pk": 482,
  "fields": {
    "type": "UNHCR",
    "label": "UNHCR",
    "country": "VU"
  }
},
{
  "model": "registration_datahub.importedagency",
  "pk": 483,
  "fields": {
    "type": "WFP",
    "label": "WFP",
    "country": "VE"
  }
},
{
  "model": "registration_datahub.importedagency",
  "pk": 484,
  "fields": {
    "type": "UNHCR",
    "label": "UNHCR",
    "country": "VE"
  }
},
{
  "model": "registration_datahub.importedagency",
  "pk": 485,
  "fields": {
    "type": "WFP",
    "label": "WFP",
    "country": "VN"
  }
},
{
  "model": "registration_datahub.importedagency",
  "pk": 486,
  "fields": {
    "type": "UNHCR",
    "label": "UNHCR",
    "country": "VN"
  }
},
{
  "model": "registration_datahub.importedagency",
  "pk": 487,
  "fields": {
    "type": "WFP",
    "label": "WFP",
    "country": "VG"
  }
},
{
  "model": "registration_datahub.importedagency",
  "pk": 488,
  "fields": {
    "type": "UNHCR",
    "label": "UNHCR",
    "country": "VG"
  }
},
{
  "model": "registration_datahub.importedagency",
  "pk": 489,
  "fields": {
    "type": "WFP",
    "label": "WFP",
    "country": "VI"
  }
},
{
  "model": "registration_datahub.importedagency",
  "pk": 490,
  "fields": {
    "type": "UNHCR",
    "label": "UNHCR",
    "country": "VI"
  }
},
{
  "model": "registration_datahub.importedagency",
  "pk": 491,
  "fields": {
    "type": "WFP",
    "label": "WFP",
    "country": "WF"
  }
},
{
  "model": "registration_datahub.importedagency",
  "pk": 492,
  "fields": {
    "type": "UNHCR",
    "label": "UNHCR",
    "country": "WF"
  }
},
{
  "model": "registration_datahub.importedagency",
  "pk": 493,
  "fields": {
    "type": "WFP",
    "label": "WFP",
    "country": "EH"
  }
},
{
  "model": "registration_datahub.importedagency",
  "pk": 494,
  "fields": {
    "type": "UNHCR",
    "label": "UNHCR",
    "country": "EH"
  }
},
{
  "model": "registration_datahub.importedagency",
  "pk": 495,
  "fields": {
    "type": "WFP",
    "label": "WFP",
    "country": "YE"
  }
},
{
  "model": "registration_datahub.importedagency",
  "pk": 496,
  "fields": {
    "type": "UNHCR",
    "label": "UNHCR",
    "country": "YE"
  }
},
{
  "model": "registration_datahub.importedagency",
  "pk": 497,
  "fields": {
    "type": "WFP",
    "label": "WFP",
    "country": "ZM"
  }
},
{
  "model": "registration_datahub.importedagency",
  "pk": 498,
  "fields": {
    "type": "UNHCR",
    "label": "UNHCR",
    "country": "ZM"
  }
},
{
  "model": "registration_datahub.importedagency",
  "pk": 499,
  "fields": {
    "type": "WFP",
    "label": "WFP",
    "country": "ZW"
  }
},
{
  "model": "registration_datahub.importedagency",
  "pk": 500,
  "fields": {
    "type": "UNHCR",
    "label": "UNHCR",
    "country": "ZW"
  }
},
{
  "model": "registration_datahub.importedindividualidentity",
  "pk": 1,
  "fields": {
    "agency": 354,
    "individual": "87201b6a-4d00-4ae2-ad1b-30dca2b83614",
    "document_number": "johniak pany"
  }
},
{
  "model": "registration_datahub.diiahousehold",
  "pk": 1,
  "fields": {
    "rec_id": "111111",
    "vpo_doc": "test_file_name.jpg",
    "vpo_doc_id": "VPO-DOC-001",
    "vpo_doc_date": "30-04-2022",
    "address": " , 854, . 794, 80571, ,  , Ukraine",
    "consent": true,
    "source_data": "",
    "registration_data_import": "c57848bf-a5df-154b-4938-f30b6b29aaab",
    "imported_household": null,
    "status": null
  }
},
{
  "model": "registration_datahub.diiahousehold",
  "pk": 2,
  "fields": {
    "rec_id": "222222",
    "vpo_doc": "test_file_name.jpg",
    "vpo_doc_id": "VPO-DOC-2222",
    "vpo_doc_date": "29-04-2022",
    "address": " , 3, . 257, 78242, ,  , Ukraine",
    "consent": true,
    "source_data": "",
    "registration_data_import": "c57848bf-a5df-154b-4938-f30b6b29aaab",
    "imported_household": null,
    "status": null
  }
},
{
  "model": "registration_datahub.diiaindividual",
  "pk": 1,
  "fields": {
    "rec_id": "111111",
    "individual_id": "111222333111",
    "last_name": "Hurst",
    "first_name": "Fiona",
    "second_name": "Second",
    "relationship": "WIFE_HUSBAND",
    "sex": "F",
    "birth_date": "15-10-2001",
    "birth_doc": "",
    "marital_status": "MARRIED",
    "disability": "False",
    "iban": "",
    "bank_name": "",
    "doc_type": null,
    "doc_serie": null,
    "doc_number": null,
    "doc_issue_date": null,
    "registration_data_import": "c57848bf-a5df-154b-4938-f30b6b29aaab",
    "imported_individual": null
  }
},
{
  "model": "registration_datahub.diiaindividual",
  "pk": 2,
  "fields": {
    "rec_id": "111111",
    "individual_id": "111222333444",
    "last_name": "Clay",
    "first_name": "Francis",
    "second_name": "Mid",
    "relationship": "HEAD",
    "sex": "M",
    "birth_date": "11-01-1999",
    "birth_doc": "",
    "marital_status": "MARRIED",
    "disability": "False",
    "iban": "1234123412341234",
    "bank_name": "PrivatBank",
    "doc_type": null,
    "doc_serie": "FA",
    "doc_number": "123321123",
    "doc_issue_date": "11-10-2035",
    "registration_data_import": "c57848bf-a5df-154b-4938-f30b6b29aaab",
    "imported_individual": null
  }
},
{
  "model": "registration_datahub.diiaindividual",
  "pk": 3,
  "fields": {
    "rec_id": "222222",
    "individual_id": "123412341234 999 222",
    "last_name": "Duarte",
    "first_name": "Erik",
    "second_name": "Mid",
    "relationship": "HEAD",
    "sex": "M",
    "birth_date": "22-02-1989",
    "birth_doc": "",
    "marital_status": "MARRIED",
    "disability": "False",
    "iban": "6543789043215678",
    "bank_name": "MonoBank",
    "doc_type": null,
    "doc_serie": "KO",
    "doc_number": "222233334444",
    "doc_issue_date": "12-03-2023",
    "registration_data_import": "c57848bf-a5df-154b-4938-f30b6b29aaab",
    "imported_individual": null
  }
},
{
  "model": "registration_datahub.diiaindividual",
  "pk": 4,
  "fields": {
    "rec_id": "222222",
    "individual_id": "76543113349",
    "last_name": "Burnett",
    "first_name": "Lydia",
    "second_name": "Lin",
    "relationship": "WIFE_HUSBAND",
    "sex": "F",
    "birth_date": "19-01-1993",
    "birth_doc": "",
    "marital_status": "MARRIED",
    "disability": "False",
    "iban": "",
    "bank_name": "",
    "doc_type": null,
    "doc_serie": null,
    "doc_number": null,
    "doc_issue_date": null,
    "registration_data_import": "c57848bf-a5df-154b-4938-f30b6b29aaab",
    "imported_individual": null
  }
},
{
  "model": "registration_datahub.diiaindividual",
  "pk": 5,
  "fields": {
    "rec_id": "222222",
    "individual_id": "",
    "last_name": "Bautista",
    "first_name": "Sam",
    "second_name": "Bautista1",
    "relationship": "SON_DAUGHTER",
    "sex": "M",
    "birth_date": "16-06-2009",
    "birth_doc": "BRS321333",
    "marital_status": "",
    "disability": "True",
    "iban": "",
    "bank_name": "",
    "doc_type": null,
    "doc_serie": null,
    "doc_number": null,
    "doc_issue_date": null,
    "registration_data_import": "c57848bf-a5df-154b-4938-f30b6b29aaab",
    "imported_individual": null
  }
}
]
