[
{
  "model": "registration_datahub.importedhousehold",
  "pk": "732c60be-0276-4054-a2e1-d425acdb821a",
  "fields": {
    "created_at": "2022-08-10T14:02:04.331Z",
    "updated_at": "2022-08-10T14:30:11.870Z",
    "consent_sign": "D3-2022-08-10_140204.3238310000.jpg",
    "consent": true,
    "consent_sharing": "HUMANITARIAN_PARTNER",
    "residence_status": "REFUGEE",
    "country_origin": "SM",
    "size": 4,
    "address": "938 Luna Cliffs Apt. 551\nJameschester, SC 24934",
    "country": "IM",
    "admin1": "AF11",
    "admin1_title": "Ghazni",
    "admin2": "AF1115",
    "admin2_title": "Abband",
    "geopoint": "SRID=4326;POINT (70.21020900000001 172.085021)",
    "female_age_group_0_5_count": 0,
    "female_age_group_6_11_count": 0,
    "female_age_group_12_17_count": 0,
    "female_age_group_18_59_count": null,
    "female_age_group_60_count": null,
    "pregnant_count": null,
    "male_age_group_0_5_count": 0,
    "male_age_group_6_11_count": 0,
    "male_age_group_12_17_count": 0,
    "male_age_group_18_59_count": null,
    "male_age_group_60_count": null,
    "female_age_group_0_5_disabled_count": 0,
    "female_age_group_6_11_disabled_count": 0,
    "female_age_group_12_17_disabled_count": 0,
    "female_age_group_18_59_disabled_count": null,
    "female_age_group_60_disabled_count": null,
    "male_age_group_0_5_disabled_count": 0,
    "male_age_group_6_11_disabled_count": 0,
    "male_age_group_12_17_disabled_count": 0,
    "male_age_group_18_59_disabled_count": null,
    "male_age_group_60_disabled_count": null,
    "head_of_household": "87201b6a-4d00-4ae2-ad1b-30dca2b83614",
    "fchild_hoh": false,
    "child_hoh": false,
    "registration_data_import": "f814f78d-6f0d-49d9-961c-79322fa172b9",
    "first_registration_date": "2020-08-22T00:00:00Z",
    "last_registration_date": "2020-08-22T00:00:00Z",
    "returnee": false,
    "flex_fields": {},
    "start": null,
    "deviceid": "",
    "name_enumerator": "Harley Rawlings",
    "org_enumerator": "UNICEF",
    "org_name_enumerator": "UNICEF",
    "village": "",
    "registration_method": "",
    "collect_individual_data": "",
    "currency": "",
    "unhcr_id": "",
    "kobo_submission_uuid": null,
    "kobo_submission_time": null,
    "detail_id": "3",
    "flex_registrations_record": null,
    "mis_unicef_id": "HH-20-0000.0014"
  }
},
{
  "model": "registration_datahub.importedhousehold",
  "pk": "cc46b6b9-4f2e-4ce4-a17e-e51747f68883",
  "fields": {
    "created_at": "2022-08-10T14:02:04.334Z",
    "updated_at": "2022-08-10T14:30:11.839Z",
    "consent_sign": "D4-2022-08-10_140204.3283380000.jpg",
    "consent": true,
    "consent_sharing": "HUMANITARIAN_PARTNER,PRIVATE_PARTNER,GOVERNMENT_PARTNER,UNICEF,",
    "residence_status": "REFUGEE",
    "country_origin": "SM",
    "size": 4,
    "address": "938 Luna Cliffs Apt. 551\nJameschester, SC 24934",
    "country": "IM",
    "admin1": "AF06",
    "admin1_title": "Nangarhar",
    "admin2": "AF0617",
    "admin2_title": "Achin",
    "geopoint": "SRID=4326;POINT (70.21020900000001 172.085021)",
    "female_age_group_0_5_count": 0,
    "female_age_group_6_11_count": 0,
    "female_age_group_12_17_count": 0,
    "female_age_group_18_59_count": null,
    "female_age_group_60_count": null,
    "pregnant_count": null,
    "male_age_group_0_5_count": 0,
    "male_age_group_6_11_count": 0,
    "male_age_group_12_17_count": 0,
    "male_age_group_18_59_count": null,
    "male_age_group_60_count": null,
    "female_age_group_0_5_disabled_count": 0,
    "female_age_group_6_11_disabled_count": 0,
    "female_age_group_12_17_disabled_count": 0,
    "female_age_group_18_59_disabled_count": null,
    "female_age_group_60_disabled_count": null,
    "male_age_group_0_5_disabled_count": 0,
    "male_age_group_6_11_disabled_count": 0,
    "male_age_group_12_17_disabled_count": 0,
    "male_age_group_18_59_disabled_count": null,
    "male_age_group_60_disabled_count": null,
    "head_of_household": "6c8d9be4-3bce-4a87-952a-e6abab468086",
    "fchild_hoh": false,
    "child_hoh": false,
    "registration_data_import": "f814f78d-6f0d-49d9-961c-79322fa172b9",
    "first_registration_date": "2020-08-22T00:00:00Z",
    "last_registration_date": "2020-08-22T00:00:00Z",
    "returnee": false,
    "flex_fields": {},
    "start": null,
    "deviceid": "",
    "name_enumerator": "Harley Rawlings",
    "org_enumerator": "UNICEF",
    "org_name_enumerator": "UNICEF",
    "village": "",
    "registration_method": "",
    "collect_individual_data": "",
    "currency": "",
    "unhcr_id": "",
    "kobo_submission_uuid": null,
    "kobo_submission_time": null,
    "detail_id": "4",
    "flex_registrations_record": null,
    "mis_unicef_id": "HH-20-0000.0013"
  }
},
{
  "model": "registration_datahub.importedindividual",
  "pk": "27a7a17b-4a3d-4643-a332-d177f0425f84",
  "fields": {
    "created_at": "2022-08-10T14:02:04.454Z",
    "updated_at": "2022-08-10T14:30:11.816Z",
    "individual_id": "",
    "photo": "",
    "full_name": "Angela Kowalska",
    "given_name": "Angela",
    "middle_name": "",
    "family_name": "Kowalska",
    "relationship": "BROTHER_SISTER",
    "sex": "FEMALE",
    "birth_date": "2000-01-10",
    "estimated_birth_date": false,
    "marital_status": "SINGLE",
    "phone_no": "0048724467321",
    "phone_no_alternative": "",
    "email": "fake111test@email.com",
    "household": "cc46b6b9-4f2e-4ce4-a17e-e51747f68883",
    "registration_data_import": "f814f78d-6f0d-49d9-961c-79322fa172b9",
    "disability": "not disabled",
    "work_status": "NOT_PROVIDED",
    "first_registration_date": "1988-06-15",
    "last_registration_date": "1988-06-15",
    "deduplication_batch_status": "UNIQUE_IN_BATCH",
    "deduplication_golden_record_status": "UNIQUE",
    "deduplication_batch_results": {
      "score": {
        "max": 0,
        "min": 9223372036854775807,
        "qty": 0
      },
      "duplicates": [],
      "possible_duplicates": []
    },
    "deduplication_golden_record_results": {
      "duplicates": [],
      "possible_duplicates": []
    },
    "flex_fields": {},
    "pregnant": true,
    "observed_disability": "",
    "seeing_disability": "",
    "hearing_disability": "",
    "physical_disability": "",
    "memory_disability": "",
    "selfcare_disability": "",
    "comms_disability": "",
    "who_answers_phone": "",
    "who_answers_alt_phone": "",
    "detail_id": 7,
    "disability_certificate_picture": "",
    "mis_unicef_id": "IND-88-0000.0041"
  }
},
{
  "model": "registration_datahub.importedindividual",
  "pk": "6c8d9be4-3bce-4a87-952a-e6abab468086",
  "fields": {
    "created_at": "2022-08-10T14:02:04.454Z",
    "updated_at": "2022-08-10T14:30:11.830Z",
    "individual_id": "",
    "photo": "",
    "full_name": "Agata Kowalska",
    "given_name": "Agata",
    "middle_name": "",
    "family_name": "Kowalska",
    "relationship": "HEAD",
    "sex": "FEMALE",
    "birth_date": "1964-01-10",
    "estimated_birth_date": false,
    "marital_status": "SINGLE",
    "phone_no": "0048875012932",
    "phone_no_alternative": "",
    "email": "fake222test@email.com",
    "household": "cc46b6b9-4f2e-4ce4-a17e-e51747f68883",
    "registration_data_import": "f814f78d-6f0d-49d9-961c-79322fa172b9",
    "disability": "not disabled",
    "work_status": "NOT_PROVIDED",
    "first_registration_date": "1988-06-15",
    "last_registration_date": "1988-06-15",
    "deduplication_batch_status": "UNIQUE_IN_BATCH",
    "deduplication_golden_record_status": "UNIQUE",
    "deduplication_batch_results": {
      "score": {
        "max": 0,
        "min": 9223372036854775807,
        "qty": 0
      },
      "duplicates": [],
      "possible_duplicates": []
    },
    "deduplication_golden_record_results": {
      "duplicates": [],
      "possible_duplicates": []
    },
    "flex_fields": {},
    "pregnant": true,
    "observed_disability": "",
    "seeing_disability": "",
    "hearing_disability": "",
    "physical_disability": "",
    "memory_disability": "",
    "selfcare_disability": "",
    "comms_disability": "",
    "who_answers_phone": "",
    "who_answers_alt_phone": "",
    "detail_id": 6,
    "disability_certificate_picture": "",
    "mis_unicef_id": "IND-88-0000.0042"
  }
},
{
  "model": "registration_datahub.importedindividual",
  "pk": "6ef3b767-5be6-4bbd-a598-6a5cc2960faf",
  "fields": {
    "created_at": "2022-08-10T14:02:04.454Z",
    "updated_at": "2022-08-10T14:30:11.795Z",
    "individual_id": "",
    "photo": "",
    "full_name": "Alicja Kowalska",
    "given_name": "Alicja",
    "middle_name": "",
    "family_name": "Kowalska",
    "relationship": "NON_BENEFICIARY",
    "sex": "FEMALE",
    "birth_date": "1941-08-26",
    "estimated_birth_date": false,
    "marital_status": "MARRIED",
    "phone_no": "0048503123555",
    "phone_no_alternative": "",
    "email": "fake333test@email.com",
    "household": null,
    "registration_data_import": "f814f78d-6f0d-49d9-961c-79322fa172b9",
    "disability": "not disabled",
    "work_status": "NOT_PROVIDED",
    "first_registration_date": "1942-12-12",
    "last_registration_date": "1942-12-12",
    "deduplication_batch_status": "UNIQUE_IN_BATCH",
    "deduplication_golden_record_status": "UNIQUE",
    "deduplication_batch_results": {
      "score": {
        "max": 0,
        "min": 9223372036854775807,
        "qty": 0
      },
      "duplicates": [],
      "possible_duplicates": []
    },
    "deduplication_golden_record_results": {
      "duplicates": [],
      "possible_duplicates": []
    },
    "flex_fields": {},
    "pregnant": true,
    "observed_disability": "",
    "seeing_disability": "",
    "hearing_disability": "",
    "physical_disability": "",
    "memory_disability": "",
    "selfcare_disability": "",
    "comms_disability": "",
    "who_answers_phone": "",
    "who_answers_alt_phone": "",
    "detail_id": 8,
    "disability_certificate_picture": "",
    "mis_unicef_id": "IND-42-0000.0037"
  }
},
{
  "model": "registration_datahub.importedindividual",
  "pk": "6f116cf6-04ca-4d98-b275-638acae21108",
  "fields": {
    "created_at": "2022-08-10T14:02:04.454Z",
    "updated_at": "2022-08-10T14:30:11.861Z",
    "individual_id": "",
    "photo": "",
    "full_name": "Jan Romaniak",
    "given_name": "Jan",
    "middle_name": "",
    "family_name": "Romaniak",
    "relationship": "BROTHER_SISTER",
    "sex": "MALE",
    "birth_date": "1923-01-01",
    "estimated_birth_date": true,
    "marital_status": "MARRIED",
    "phone_no": "0048734123423",
    "phone_no_alternative": "",
    "email": "fake444test@email.com",
    "household": "732c60be-0276-4054-a2e1-d425acdb821a",
    "registration_data_import": "f814f78d-6f0d-49d9-961c-79322fa172b9",
    "disability": "not disabled",
    "work_status": "NOT_PROVIDED",
    "first_registration_date": "1988-06-15",
    "last_registration_date": "1988-06-15",
    "deduplication_batch_status": "DUPLICATE_IN_BATCH",
    "deduplication_golden_record_status": "UNIQUE",
    "deduplication_batch_results": {
      "score": {
        "max": 9.0,
        "min": 9.0,
        "qty": 1
      },
      "duplicates": [
        {
          "dob": "1991-11-18",
          "score": 9.0,
          "hit_id": "87201b6a-4d00-4ae2-ad1b-30dca2b83614",
          "location": "AF1115",
          "full_name": "Jan Romaniak",
          "proximity_to_score": 3.0
        }
      ],
      "possible_duplicates": []
    },
    "deduplication_golden_record_results": {
      "duplicates": [],
      "possible_duplicates": []
    },
    "flex_fields": {},
    "pregnant": false,
    "observed_disability": "",
    "seeing_disability": "",
    "hearing_disability": "",
    "physical_disability": "",
    "memory_disability": "",
    "selfcare_disability": "",
    "comms_disability": "",
    "who_answers_phone": "",
    "who_answers_alt_phone": "",
    "detail_id": 5,
    "disability_certificate_picture": "",
    "mis_unicef_id": "IND-88-0000.0040"
  }
},
{
  "model": "registration_datahub.importedindividual",
  "pk": "86f8a870-360c-432d-af46-7426f7070c90",
  "fields": {
    "created_at": "2022-08-10T14:02:04.453Z",
    "updated_at": "2022-08-10T14:30:11.799Z",
    "individual_id": "",
    "photo": "",
    "full_name": "Alicja Romaniak",
    "given_name": "Alicja",
    "middle_name": "",
    "family_name": "Romaniak",
    "relationship": "WIFE_HUSBAND",
    "sex": "FEMALE",
    "birth_date": "1996-06-21",
    "estimated_birth_date": false,
    "marital_status": "MARRIED",
    "phone_no": "0048601123432",
    "phone_no_alternative": "",
    "email": "fake555test@email.com",
    "household": "732c60be-0276-4054-a2e1-d425acdb821a",
    "registration_data_import": "f814f78d-6f0d-49d9-961c-79322fa172b9",
    "disability": "not disabled",
    "work_status": "NOT_PROVIDED",
    "first_registration_date": "1969-06-22",
    "last_registration_date": "1969-06-22",
    "deduplication_batch_status": "UNIQUE_IN_BATCH",
    "deduplication_golden_record_status": "UNIQUE",
    "deduplication_batch_results": {
      "score": {
        "max": 0,
        "min": 9223372036854775807,
        "qty": 0
      },
      "duplicates": [],
      "possible_duplicates": []
    },
    "deduplication_golden_record_results": {
      "duplicates": [],
      "possible_duplicates": []
    },
    "flex_fields": {},
    "pregnant": false,
    "observed_disability": "",
    "seeing_disability": "",
    "hearing_disability": "",
    "physical_disability": "",
    "memory_disability": "",
    "selfcare_disability": "",
    "comms_disability": "",
    "who_answers_phone": "",
    "who_answers_alt_phone": "",
    "detail_id": 4,
    "disability_certificate_picture": "",
    "mis_unicef_id": "IND-69-0000.0038"
  }
},
{
  "model": "registration_datahub.importedindividual",
  "pk": "87201b6a-4d00-4ae2-ad1b-30dca2b83614",
  "fields": {
    "created_at": "2022-08-10T14:02:04.437Z",
    "updated_at": "2022-08-10T14:30:11.845Z",
    "individual_id": "",
    "photo": "",
    "full_name": "Jan Romaniak",
    "given_name": "Jan",
    "middle_name": "Roman",
    "family_name": "Romaniak",
    "relationship": "HEAD",
    "sex": "MALE",
    "birth_date": "1991-11-18",
    "estimated_birth_date": false,
    "marital_status": "MARRIED",
    "phone_no": "0048605899014",
    "phone_no_alternative": "",
    "email": "fake111test@email.com",
    "household": "732c60be-0276-4054-a2e1-d425acdb821a",
    "registration_data_import": "f814f78d-6f0d-49d9-961c-79322fa172b9",
    "disability": "not disabled",
    "work_status": "NOT_PROVIDED",
    "first_registration_date": "1974-12-15",
    "last_registration_date": "1974-12-15",
    "deduplication_batch_status": "DUPLICATE_IN_BATCH",
    "deduplication_golden_record_status": "UNIQUE",
    "deduplication_batch_results": {
      "score": {
        "max": 9.0,
        "min": 9.0,
        "qty": 1
      },
      "duplicates": [
        {
          "dob": "1923-01-01",
          "score": 9.0,
          "hit_id": "6f116cf6-04ca-4d98-b275-638acae21108",
          "location": "AF1115",
          "full_name": "Jan Romaniak",
          "proximity_to_score": 3.0
        }
      ],
      "possible_duplicates": []
    },
    "deduplication_golden_record_results": {
      "duplicates": [],
      "possible_duplicates": []
    },
    "flex_fields": {},
    "pregnant": false,
    "observed_disability": "",
    "seeing_disability": "",
    "hearing_disability": "",
    "physical_disability": "",
    "memory_disability": "",
    "selfcare_disability": "",
    "comms_disability": "",
    "who_answers_phone": "",
    "who_answers_alt_phone": "",
    "detail_id": 3,
    "disability_certificate_picture": "",
    "mis_unicef_id": "IND-74-0000.0039"
  }
},
{
  "model": "registration_datahub.importedindividualroleinhousehold",
  "pk": "6dfe900c-c39e-474b-bfbf-2d56b57cb8fb",
  "fields": {
    "created_at": "2022-08-10T14:02:04.473Z",
    "updated_at": "2022-08-10T14:02:04.473Z",
    "individual": "6c8d9be4-3bce-4a87-952a-e6abab468086",
    "household": "cc46b6b9-4f2e-4ce4-a17e-e51747f68883",
    "role": "PRIMARY"
  }
},
{
  "model": "registration_datahub.importedindividualroleinhousehold",
  "pk": "bfafa49c-3251-4f58-a754-98e9973458bc",
  "fields": {
    "created_at": "2022-08-10T14:02:04.473Z",
    "updated_at": "2022-08-10T14:02:04.473Z",
    "individual": "86f8a870-360c-432d-af46-7426f7070c90",
    "household": "732c60be-0276-4054-a2e1-d425acdb821a",
    "role": "ALTERNATE"
  }
},
{
  "model": "registration_datahub.importedindividualroleinhousehold",
  "pk": "c87168f2-ac2f-4220-866f-42a5bb32e381",
  "fields": {
    "created_at": "2022-08-10T14:02:04.473Z",
    "updated_at": "2022-08-10T14:02:04.473Z",
    "individual": "87201b6a-4d00-4ae2-ad1b-30dca2b83614",
    "household": "732c60be-0276-4054-a2e1-d425acdb821a",
    "role": "PRIMARY"
  }
},
{
  "model": "registration_datahub.importedindividualroleinhousehold",
  "pk": "d346ccbd-2910-4bb5-b236-7c6d8a99f8f5",
  "fields": {
    "created_at": "2022-08-10T14:02:04.473Z",
    "updated_at": "2022-08-10T14:02:04.473Z",
    "individual": "6ef3b767-5be6-4bbd-a598-6a5cc2960faf",
    "household": "cc46b6b9-4f2e-4ce4-a17e-e51747f68883",
    "role": "ALTERNATE"
  }
},
{
  "model": "registration_datahub.registrationdataimportdatahub",
  "pk": "c57848bf-a5df-154b-4938-f30b6b29aaab",
  "fields": {
    "created_at": "2022-03-30T09:22:14.856Z",
    "updated_at": "2022-03-30T09:22:16.791Z",
    "name": "Test Diia",
    "import_date": "2022-03-30T09:22:14.856Z",
    "hct_id": "04992dce-8e47-154b-4938-743415412dce",
    "import_data": "e38f6f0c-36e9-a1f0-4b73-84742f7d025d",
    "import_done": "NOT_STARTED",
    "business_area_slug": "ukraine"
  }
},
{
  "model": "registration_datahub.registrationdataimportdatahub",
  "pk": "f814f78d-6f0d-49d9-961c-79322fa172b9",
  "fields": {
    "created_at": "2022-08-10T14:02:02.454Z",
    "updated_at": "2022-08-10T14:02:04.474Z",
    "name": "test",
    "import_date": "2022-08-10T14:02:02.454Z",
    "hct_id": "c749ab01-16dc-48af-a764-5f3a873f0a7d",
    "import_data": "f87474eb-8db9-409a-b42e-7b30f4af41f9",
    "import_done": "DONE",
    "business_area_slug": "afghanistan"
  }
},
{
  "model":"registration_datahub.registrationdataimportdatahub",
  "pk":"fdacfb7c-8d8a-467d-acdb-eba1b4bfe291",
  "fields":{
    "created_at":"2024-06-04T13:06:23.587Z",
    "updated_at":"2024-06-04T13:06:24.484Z",
    "name":"test_in_review",
    "import_date":"2024-06-04T13:06:23.587Z",
    "hct_id":"43016ff4-c10a-4068-af3f-b14e9319f187",
    "import_data":"e04a2d90-8208-4b68-93aa-3da17a97f6ec",
    "import_done":"DONE",
    "business_area_slug":"afghanistan"
  }
},
{
  "model": "registration_datahub.importdata",
  "pk": "e38f6f0c-36e9-a1f0-4b73-84742f7d025d",
  "fields": {
    "created_at": "2022-05-29T09:21:29.900Z",
    "updated_at": "2022-04-29T09:21:34.214Z",
    "status": "PENDING",
    "business_area_slug": "ukraine",
    "file": "",
    "data_type": "DIIA",
    "number_of_households": 0,
    "number_of_individuals": 0,
    "error": "",
    "validation_errors": "",
    "created_by_id": null
  }
},
{
  "model": "registration_datahub.importdata",
  "pk": "f87474eb-8db9-409a-b42e-7b30f4af41f9",
  "fields": {
    "created_at": "2022-08-10T14:01:53.990Z",
    "updated_at": "2022-08-10T14:01:57.509Z",
    "status": "FINISHED",
    "business_area_slug": "afghanistan",
    "file": "romaniak_with_admins_12.xlsx",
    "data_type": "XLSX",
    "number_of_households": 2,
    "number_of_individuals": 6,
    "error": "",
    "validation_errors": "",
    "created_by_id": "4196c2c5-c2dd-48d2-887f-3a9d39e78916"
  }
},
{
  "model": "registration_datahub.importeddocumenttype",
  "pk": "185d0037-a1bc-4eef-a679-749b5964c1f6",
  "fields": {
    "created_at": "2022-08-10T14:00:37.565Z",
    "updated_at": "2022-08-10T14:00:37.565Z",
    "label": "Electoral Card",
    "key": "electoral_card"
  }
},
{
  "model": "registration_datahub.importeddocumenttype",
  "pk": "218fa71b-0d15-4f4b-85fe-86a9b9f59f0d",
  "fields": {
    "created_at": "2022-08-10T14:00:37.565Z",
    "updated_at": "2022-08-10T14:00:37.565Z",
    "label": "National ID",
    "key": "national_id"
  }
},
{
  "model": "registration_datahub.importeddocumenttype",
  "pk": "6087e502-defa-44e2-9865-63f45a71471e",
  "fields": {
    "created_at": "2022-08-10T14:00:37.565Z",
    "updated_at": "2022-08-10T14:00:37.565Z",
    "label": "Other",
    "key": "other"
  }
},
{
  "model": "registration_datahub.importeddocumenttype",
  "pk": "89481e2a-3ef1-40fb-8021-6b92bcb03db4",
  "fields": {
    "created_at": "2022-08-10T14:00:37.565Z",
    "updated_at": "2022-08-10T14:00:37.565Z",
    "label": "Driver's License",
    "key": "drivers_license"
  }
},
{
  "model": "registration_datahub.importeddocumenttype",
  "pk": "92fbe664-66f1-42ea-9c9c-8c093db16f3b",
  "fields": {
    "created_at": "2022-08-10T14:00:37.565Z",
    "updated_at": "2022-08-10T14:00:37.565Z",
    "label": "Tax Number Identification",
    "key": "tax_id"
  }
},
{
  "model": "registration_datahub.importeddocumenttype",
  "pk": "d2c54476-0a45-4f0a-aca1-e78e78f1e2cc",
  "fields": {
    "created_at": "2022-08-10T14:00:37.565Z",
    "updated_at": "2022-08-10T14:00:37.565Z",
    "label": "National Passport",
    "key": "national_passport"
  }
},
{
  "model": "registration_datahub.importeddocumenttype",
  "pk": "db4b73d0-3a53-48b5-9d2b-bdf0de29ccbf",
  "fields": {
    "created_at": "2022-08-10T14:00:37.565Z",
    "updated_at": "2022-08-10T14:00:37.565Z",
    "label": "Birth Certificate",
    "key": "birth_certificate"
  }
},
{
  "model": "registration_datahub.importeddocumenttype",
  "pk": "ee41c19e-63d2-473b-9e6f-65eb8ff2cbe5",
  "fields": {
    "created_at": "2022-08-10T14:00:37.565Z",
    "updated_at": "2022-08-10T14:00:37.565Z",
    "label": "Foreigner's Residence Permit",
    "key": "residence_permit_no"
  }
},
{
  "model": "registration_datahub.importeddocumenttype",
  "pk": "afd33528-f377-4494-80be-89f5ab8c2d3b",
  "fields": {
    "created_at": "2022-08-10T14:00:37.565Z",
    "updated_at": "2022-08-10T14:00:37.565Z",
    "label": "Disability Certificate",
    "key": "disability_certificate"
  }
},
{
  "model": "registration_datahub.importeddocumenttype",
  "pk": "b37fbf40-bc38-4a86-9e87-e2f420fd0754",
  "fields": {
    "created_at": "2022-08-10T14:00:37.565Z",
    "updated_at": "2022-08-10T14:00:37.565Z",
    "label": "Foster child",
    "key": "foster_child"
  }
},
{
  "model": "registration_datahub.importeddocumenttype",
  "pk": "6782d559-c2f2-4d89-b8f8-37447c179233",
  "fields": {
    "created_at": "2022-08-10T14:00:37.565Z",
    "updated_at": "2022-08-10T14:00:37.565Z",
    "label": "Bank Statement",
    "key": "bank_statement"
  }
},
{
  "model": "registration_datahub.importeddocumenttype",
  "pk": "5cc56283-6f85-4572-861a-e85c43bb9873",
  "fields": {
    "created_at": "2023-05-25T12:38:42.348Z",
    "updated_at": "2023-05-25T12:39:06.054Z",
    "label": "Disability Card",
    "key": "disability_card"
  }
},
{
  "model": "registration_datahub.importeddocumenttype",
  "pk": "aa5b57f7-d848-4240-8738-96e8a53ca3f0",
  "fields": {
    "created_at": "2023-05-25T12:39:27.898Z",
    "updated_at": "2023-05-25T12:39:27.898Z",
    "label": "Medical Certificate",
    "key": "medical_certificate"
  }
},
{
  "model": "registration_datahub.importeddocumenttype",
  "pk": "b2a5bab4-1641-4585-9184-a0f844da6af3",
  "fields": {
    "created_at": "2023-05-25T12:38:17.892Z",
    "updated_at": "2023-05-25T12:38:57.496Z",
    "label": "Proof of Legal Guardianship",
    "key": "proof_legal_guardianship"
  }
},
{
  "model": "registration_datahub.importeddocumenttype",
  "pk": "fb85dd2a-f73e-403b-8241-677789558605",
  "fields": {
    "created_at": "2023-05-25T12:39:46.671Z",
    "updated_at": "2023-05-25T12:39:46.671Z",
    "label": "Temporary Protection Visa",
    "key": "temporary_protection_visa"
  }
},
{
  "model": "registration_datahub.importeddocumenttype",
  "pk": "c53f45e2-62ac-452c-bfa1-993837c79630",
  "fields": {
    "created_at": "2023-05-25T12:39:46.671Z",
    "updated_at": "2023-05-25T12:39:46.671Z",
    "label": "Receiver POI",
    "key": "receiver_poi",
    "is_identity_document": false
  }
},
{
  "model": "registration_datahub.importeddocument",
  "pk": "1f1a5a3b-461f-4da3-9e98-09437ed91b08",
  "fields": {
    "created_at": "2022-08-10T14:02:04.469Z",
    "updated_at": "2022-08-10T14:02:04.469Z",
    "document_number": "ASH221345",
    "photo": "",
    "individual": "86f8a870-360c-432d-af46-7426f7070c90",
    "type": "218fa71b-0d15-4f4b-85fe-86a9b9f59f0d",
    "country": "PL",
    "doc_date": null
  }
},
{
  "model": "registration_datahub.importeddocument",
  "pk": "255397d7-8a0e-437e-98f7-be2bf9368e1f",
  "fields": {
    "created_at": "2022-08-10T14:02:04.469Z",
    "updated_at": "2022-08-10T14:02:04.469Z",
    "document_number": "JA123123",
    "photo": "",
    "individual": "86f8a870-360c-432d-af46-7426f7070c90",
    "type": "d2c54476-0a45-4f0a-aca1-e78e78f1e2cc",
    "country": "PL",
    "doc_date": null
  }
},
{
  "model": "registration_datahub.importeddocument",
  "pk": "4df58da4-a632-43ca-be7e-07b54d89fd30",
  "fields": {
    "created_at": "2022-08-10T14:02:04.469Z",
    "updated_at": "2022-08-10T14:02:04.469Z",
    "document_number": "BSH221315",
    "photo": "",
    "individual": "6ef3b767-5be6-4bbd-a598-6a5cc2960faf",
    "type": "218fa71b-0d15-4f4b-85fe-86a9b9f59f0d",
    "country": "PL",
    "doc_date": null
  }
},
{
  "model": "registration_datahub.importeddocument",
  "pk": "58e3d2c2-7224-4f8b-8424-403635963ee5",
  "fields": {
    "created_at": "2022-08-10T14:02:04.469Z",
    "updated_at": "2022-08-10T14:02:04.469Z",
    "document_number": "DAZ132964",
    "photo": "",
    "individual": "87201b6a-4d00-4ae2-ad1b-30dca2b83614",
    "type": "218fa71b-0d15-4f4b-85fe-86a9b9f59f0d",
    "country": "PL",
    "doc_date": null
  }
},
{
  "model": "registration_datahub.importeddocument",
  "pk": "7d234914-7b51-43f0-9302-33b44f8411b9",
  "fields": {
    "created_at": "2022-08-10T14:02:04.469Z",
    "updated_at": "2022-08-10T14:02:04.469Z",
    "document_number": "CSH221395",
    "photo": "",
    "individual": "27a7a17b-4a3d-4643-a332-d177f0425f84",
    "type": "218fa71b-0d15-4f4b-85fe-86a9b9f59f0d",
    "country": "PL",
    "doc_date": null
  }
},
{
  "model": "registration_datahub.importeddocument",
  "pk": "b4a5c74b-4266-44ed-9c8c-e8c236ff688f",
  "fields": {
    "created_at": "2022-08-10T14:02:04.469Z",
    "updated_at": "2022-08-10T14:02:04.469Z",
    "document_number": "WSH221365",
    "photo": "",
    "individual": "6f116cf6-04ca-4d98-b275-638acae21108",
    "type": "218fa71b-0d15-4f4b-85fe-86a9b9f59f0d",
    "country": "PL",
    "doc_date": null
  }
},
{
  "model": "registration_datahub.importeddocument",
  "pk": "bb3d7187-6572-4f21-9492-ddc531d0b182",
  "fields": {
    "created_at": "2022-08-10T14:02:04.469Z",
    "updated_at": "2022-08-10T14:02:04.469Z",
    "document_number": "TSH221375",
    "photo": "",
    "individual": "6c8d9be4-3bce-4a87-952a-e6abab468086",
    "type": "218fa71b-0d15-4f4b-85fe-86a9b9f59f0d",
    "country": "PL",
    "doc_date": null
  }
},
{
  "model": "registration_datahub.importedindividualidentity",
  "pk": 1,
  "fields": {
    "individual": "87201b6a-4d00-4ae2-ad1b-30dca2b83614",
    "document_number": "johniak pany",
    "partner": "UNHCR",
    "country": "PL"
  }
},
  {
    "model": "registration_datahub.record",
    "pk": 1,
    "fields": {
      "registration": 18,
      "timestamp": "2023-05-01T00:00:00Z",
      "storage": null,
      "registration_data_import": null,
      "ignored": false,
      "source_id": 1,
      "data": {},
      "error_message": null,
      "status": null,
      "unique_field": null,
      "size": null,
      "counters": null,
      "fields": {
        "consent": [
          {
            "consent_h_c": "y",
            "government_partner": "",
            "consent_sharing_h_c": true,
            "consent_sharing_h_c_1": "y",
            "consent_sharing_h_c_2": "n"
          }
        ],
        "needs-assessment": [
          {
            "assistance_h_f": "y",
            "adults_count_h_f": 2,
            "receiving_mop_h_f": "n",
            "school_enrolled_i_f": "no",
            "children_below_18_h_f": 3,
            "access_health_rate_h_f": "A little Difficult",
            "additional_support_h_f": "y",
            "access_education_rate_h_f": "Somewhat Easy",
            "access_social_services_rate_h_f": "Very Easy",
            "access_leisure_activities_rate_h_f": "Very Easy",
            "in_state_provided_accommodation_h_f": "no"
          }
        ],
        "household-address": [
          {
            "admin1_h_c": "CZ010",
            "admin2_h_c": "CZ0109",
            "address_h_c": "Opočínská 375",
            "village_h_c": "Praha",
            "zip_code_h_c": "19017"
          }
        ],
        "primary-carer-info": [
          {
            "role_i_c": "primary",
            "gender_i_c": "female",
            "id_type_i_c": "national_passport",
            "phone_no_i_c": "+420774844183",
            "birth_date_i_c": "1995-08-01",
            "given_name_i_c": "Tetiana",
            "family_name_i_c": "Symkanych",
            "work_status_i_c": "n",
            "bank_account_h_f": "y",
            "country_origin_h_c": "ukr",
            "bank_account_number": "CZ6003000000000306979952",
            "confirm_phone_number": "+420774844183",
            "national_passport_no_i_c": "GB500567",
            "preferred_language_i_c": "uk-ua",
            "bank_account_number_h_f": "CZ6003000000000306979952",
            "czech_formal_employment": "no",
            "other_communication_language": [
              "ru-ru"
            ],
            "primary_carer_is_legal_guardian": "y"
          }
        ],
        "children-information": [
          {
            "gender_i_c": "male",
            "birth_date_i_c": "2013-07-04",
            "disability_i_c": "not disabled",
            "given_name_i_c": "John",
            "family_name_i_c": "Symkanych",
            "other_id_no_i_c": "900541571",
            "follow_up_needed": "n",
            "relationship_i_c": "son_daughter",
            "preregistration_case_id": "13277",
            "birth_certificate_no_i_c": "262873",
            "has_birth_certificate_i_c": "y",
            "qualifies_for_programme_i_f": "y"
          },
          {
            "gender_i_c": "female",
            "id_type_i_c": "national_id",
            "birth_date_i_c": "2023-04-30",
            "disability_i_c": "disabled",
            "follow_up_flag": [
              "legal_guardianship_documents"
            ],
            "given_name_i_c": "TEST",
            "family_name_i_c": "TEST",
            "follow_up_needed": "y",
            "relationship_i_c": "brother_sister",
            "follow_up_comments": "No comments",
            "national_id_no_i_c": "123214",
            "disability_card_i_c": "y",
            "disability_degree_i_c": "2",
            "national_passport_no_i_c": "",
            "disability_card_no_i_c": "1213",
            "medical_certificate_i_c": "y",
            "preregistration_case_id": "10937",
            "has_birth_certificate_i_c": "n",
            "medical_certificate_no_i_c": "2321",
            "qualifies_for_programme_i_f": "y",
            "disability_card_issuance_i_c": "2023-05-01",
            "proof_legal_guardianship_no_i_c": "128dj",
            "medical_certificate_issuance_i_c": "2023-05-01",
            "medical_certificate_validity_i_c": "2023-05-17",
            "has_disability_card_and_medical_cert": "Has Both"
          }
        ],
        "legal-guardian-information": [
          {
            "gender_i_c": "male",
            "id_type_i_c": "national_passport",
            "phone_no_i_c": "+420123123666",
            "birth_date_i_c": "1988-12-27",
            "given_name_i_c": "Ivan",
            "family_name_i_c": "Drago",
            "work_status_i_c": "y",
            "relationship_i_c": "head",
            "national_id_no_i_c": "",
            "confirm_phone_number": "+420123123666",
            "national_passport_no_i_c": "1234567890",
            "legal_guardia_not_primary_carer": "y"
          },
          {
            "legal_guardia_not_primary_carer": "n"
          }
        ]
      },
      "files": null,
      "index1": null,
      "index2": null,
      "index3": null
    }
  },
  {
    "model": "registration_datahub.record",
    "pk": 2,
    "fields": {
        "registration": 17,
        "timestamp": "2022-04-01T00:00:00Z",
        "storage": null,
        "registration_data_import": null,
        "ignored": false,
        "source_id": 1,
        "data": {},
        "error_message": null,
        "status": null,
        "unique_field": null,
        "size": null,
        "counters": null,
        "fields": {
            "children-info": [
                {
                    "gender_i_c": "male",
                    "full_name_i_c": "Alexis",
                    "birth_date_i_c": "2022-01-04",
                    "relationship_i_c": "son_daughter"
                }
            ],
            "id_enumerator": "1992",
            "caretaker-info": [
                {
                    "gender_i_c": "   female",
                    "full_name_i_c": "Alexis",
                    "birth_date_i_c": "1989-01-04",
                    "has_nic_number_i_c": "n",
                    "who_answers_phone_i_c": "mother/caretaker"
                }
            ],
            "collector-info": [
                {
                    "email": "email999@mail.com",
                    "bank_name": "7472",
                    "gender_i_c": " male",
                    "phone_no_i_c": "+94788908046",
                    "full_name_i_c": "Dome",
                    "birth_date_i_c": "1980-01-04",
                    "bank_description": "Axis Bank",
                    "relationship_i_c": "brother_sister",
                    "confirm_nic_number": "123456789V",
                    "national_id_no_i_c": "123456789V",
                    "branch_or_branch_code": "7472_002",
                    "who_answers_this_phone": "alternate collector",
                    "confirm_bank_account_number": "0082785064",
                    "confirm_alternate_collector_phone_number": "+94788908046",
                    "does_the_mothercaretaker_have_her_own_active_bank_account_not_samurdhi": "n"
                }
            ],
            "localization-info": [
                {
                    "admin2_h_c": "LK11",
                    "admin3_h_c": "LK1163",
                    "admin4_h_c": "LK1163020",
                    "address_h_c": "Alexis",
                    "moh_center_of_reference": "MOH279"
                }
            ],
            "prefered_language_of_contact": "ta"
        },
        "files": null,
        "index1": null,
        "index2": null,
        "index3": null
    }
},
{
    "model": "registration_datahub.record",
    "pk": 3,
    "fields": {
        "registration": 2,
        "timestamp": "2022-04-01T00:00:00Z",
        "storage": null,
        "registration_data_import": null,
        "ignored": false,
        "source_id": 1,
        "data": {},
        "error_message": null,
        "status": null,
        "unique_field": null,
        "size": null,
        "counters": null,
        "fields": {
            "household": [
                {
                    "size_h_c": 5,
                    "admin1_h_c": "UA07",
                    "admin2_h_c": "UA0702",
                    "admin3_h_c": "UA0702001",
                    "where_are_you_now": "",
                    "residence_status_h_c": "non_host"
                }
            ],
            "individuals": [
                {
                    "email": "email123@mail.com",
                    "birth_date": "1991-11-18",
                    "gender_i_c": "male",
                    "patronymic": "Roman",
                    "phone_no_i_c": "0501706662",
                    "tax_id_no_i_c": "123123123",
                    "given_name_i_c": "Jan",
                    "family_name_i_c": "Romaniak",
                    "bank_account_h_f": "y",
                    "relationship_i_c": "head"
                }
            ]
        },
        "files": null,
        "index1": null,
        "index2": null,
        "index3": null
    }
},
{
  "model":"registration_datahub.importedhousehold",
  "pk":"056ca352-7ee3-4e0b-978e-d57925f712b1",
  "fields":{
    "created_at":"2024-06-04T13:06:24.336Z",
    "updated_at":"2024-06-04T13:06:24.336Z",
    "consent_sign":"",
    "consent":null,
    "consent_sharing":"",
    "residence_status":"",
    "country_origin":"",
    "size":null,
    "address":"",
    "country":"ID",
    "zip_code":null,
    "admin_area":"AF2906",
    "admin_area_title":"Balamurghab",
    "admin1":"AF02",
    "admin1_title":"Kapisa",
    "admin2":"AF2906",
    "admin2_title":"Balamurghab",
    "admin3":"",
    "admin3_title":"",
    "admin4":"",
    "admin4_title":"",
    "geopoint":null,
    "female_age_group_0_5_count":null,
    "female_age_group_6_11_count":null,
    "female_age_group_12_17_count":null,
    "female_age_group_18_59_count":null,
    "female_age_group_60_count":null,
    "pregnant_count":null,
    "male_age_group_0_5_count":null,
    "male_age_group_6_11_count":null,
    "male_age_group_12_17_count":null,
    "male_age_group_18_59_count":null,
    "male_age_group_60_count":null,
    "female_age_group_0_5_disabled_count":null,
    "female_age_group_6_11_disabled_count":null,
    "female_age_group_12_17_disabled_count":null,
    "female_age_group_18_59_disabled_count":null,
    "female_age_group_60_disabled_count":null,
    "male_age_group_0_5_disabled_count":null,
    "male_age_group_6_11_disabled_count":null,
    "male_age_group_12_17_disabled_count":null,
    "male_age_group_18_59_disabled_count":null,
    "male_age_group_60_disabled_count":null,
    "head_of_household":"241d9b2e-d5be-4c70-b58c-d2ec0261c7d0",
    "fchild_hoh":null,
    "child_hoh":null,
    "registration_data_import":"fdacfb7c-8d8a-467d-acdb-eba1b4bfe291",
    "first_registration_date":"2009-10-09T00:00:00Z",
    "last_registration_date":"2009-10-09T00:00:00Z",
    "returnee":null,
    "flex_fields":{

    },
    "start":null,
    "deviceid":"",
    "name_enumerator":"",
    "org_enumerator":"",
    "org_name_enumerator":"",
    "village":"",
    "registration_method":"",
    "collect_individual_data":"",
    "currency":"",
    "unhcr_id":"",
    "kobo_submission_uuid":null,
    "kobo_submission_time":null,
    "detail_id":"9",
    "program_registration_id":null,
    "enumerator_rec_id":null,
    "flex_registrations_record":null,
    "mis_unicef_id":null,
    "program_id":"939ff91b-7f89-4e3c-9519-26ed62f51718",
    "collect_type":"SINGLE"
  }
},
{
  "model":"registration_datahub.importedhousehold",
  "pk":"0aa989ae-0bea-499c-a6e5-78d9fa98569a",
  "fields":{
    "created_at":"2024-06-04T13:06:24.300Z",
    "updated_at":"2024-06-04T13:06:24.300Z",
    "consent_sign":"",
    "consent":null,
    "consent_sharing":"",
    "residence_status":"",
    "country_origin":"",
    "size":null,
    "address":"",
    "country":"AI",
    "zip_code":null,
    "admin_area":"AF3006",
    "admin_area_title":"Pashtunzarghun",
    "admin1":"AF25",
    "admin1_title":"Paktika",
    "admin2":"AF3006",
    "admin2_title":"Pashtunzarghun",
    "admin3":"",
    "admin3_title":"",
    "admin4":"",
    "admin4_title":"",
    "geopoint":null,
    "female_age_group_0_5_count":null,
    "female_age_group_6_11_count":null,
    "female_age_group_12_17_count":null,
    "female_age_group_18_59_count":null,
    "female_age_group_60_count":null,
    "pregnant_count":null,
    "male_age_group_0_5_count":null,
    "male_age_group_6_11_count":null,
    "male_age_group_12_17_count":null,
    "male_age_group_18_59_count":null,
    "male_age_group_60_count":null,
    "female_age_group_0_5_disabled_count":null,
    "female_age_group_6_11_disabled_count":null,
    "female_age_group_12_17_disabled_count":null,
    "female_age_group_18_59_disabled_count":null,
    "female_age_group_60_disabled_count":null,
    "male_age_group_0_5_disabled_count":null,
    "male_age_group_6_11_disabled_count":null,
    "male_age_group_12_17_disabled_count":null,
    "male_age_group_18_59_disabled_count":null,
    "male_age_group_60_disabled_count":null,
    "head_of_household":"a5aac76e-c630-4eb9-ab01-b192f2833105",
    "fchild_hoh":null,
    "child_hoh":null,
    "registration_data_import":"fdacfb7c-8d8a-467d-acdb-eba1b4bfe291",
    "first_registration_date":"2012-03-03T00:00:00Z",
    "last_registration_date":"2012-03-03T00:00:00Z",
    "returnee":null,
    "flex_fields":{

    },
    "start":null,
    "deviceid":"",
    "name_enumerator":"",
    "org_enumerator":"",
    "org_name_enumerator":"",
    "village":"",
    "registration_method":"",
    "collect_individual_data":"",
    "currency":"",
    "unhcr_id":"",
    "kobo_submission_uuid":null,
    "kobo_submission_time":null,
    "detail_id":"4",
    "program_registration_id":null,
    "enumerator_rec_id":null,
    "flex_registrations_record":null,
    "mis_unicef_id":null,
    "program_id":"939ff91b-7f89-4e3c-9519-26ed62f51718",
    "collect_type":"SINGLE"
  }
},
{
  "model":"registration_datahub.importedhousehold",
  "pk":"10629102-0e9a-46b9-a17e-87548e623ea8",
  "fields":{
    "created_at":"2024-06-04T13:06:24.358Z",
    "updated_at":"2024-06-04T13:06:24.358Z",
    "consent_sign":"",
    "consent":null,
    "consent_sharing":"",
    "residence_status":"",
    "country_origin":"",
    "size":null,
    "address":"",
    "country":"IM",
    "zip_code":null,
    "admin_area":"AF3003",
    "admin_area_title":"Kushk",
    "admin1":"AF25",
    "admin1_title":"Paktika",
    "admin2":"AF3003",
    "admin2_title":"Kushk",
    "admin3":"",
    "admin3_title":"",
    "admin4":"",
    "admin4_title":"",
    "geopoint":null,
    "female_age_group_0_5_count":null,
    "female_age_group_6_11_count":null,
    "female_age_group_12_17_count":null,
    "female_age_group_18_59_count":null,
    "female_age_group_60_count":null,
    "pregnant_count":null,
    "male_age_group_0_5_count":null,
    "male_age_group_6_11_count":null,
    "male_age_group_12_17_count":null,
    "male_age_group_18_59_count":null,
    "male_age_group_60_count":null,
    "female_age_group_0_5_disabled_count":null,
    "female_age_group_6_11_disabled_count":null,
    "female_age_group_12_17_disabled_count":null,
    "female_age_group_18_59_disabled_count":null,
    "female_age_group_60_disabled_count":null,
    "male_age_group_0_5_disabled_count":null,
    "male_age_group_6_11_disabled_count":null,
    "male_age_group_12_17_disabled_count":null,
    "male_age_group_18_59_disabled_count":null,
    "male_age_group_60_disabled_count":null,
    "head_of_household":"1e854b23-eea5-4184-a779-a74cd40d0068",
    "fchild_hoh":null,
    "child_hoh":null,
    "registration_data_import":"fdacfb7c-8d8a-467d-acdb-eba1b4bfe291",
    "first_registration_date":"2008-10-21T00:00:00Z",
    "last_registration_date":"2008-10-21T00:00:00Z",
    "returnee":null,
    "flex_fields":{

    },
    "start":null,
    "deviceid":"",
    "name_enumerator":"",
    "org_enumerator":"",
    "org_name_enumerator":"",
    "village":"",
    "registration_method":"",
    "collect_individual_data":"",
    "currency":"",
    "unhcr_id":"",
    "kobo_submission_uuid":null,
    "kobo_submission_time":null,
    "detail_id":"12",
    "program_registration_id":null,
    "enumerator_rec_id":null,
    "flex_registrations_record":null,
    "mis_unicef_id":null,
    "program_id":"939ff91b-7f89-4e3c-9519-26ed62f51718",
    "collect_type":"SINGLE"
  }
},
{
  "model":"registration_datahub.importedhousehold",
  "pk":"472f54df-76c6-4f26-8914-5a7e22683a75",
  "fields":{
    "created_at":"2024-06-04T13:06:24.351Z",
    "updated_at":"2024-06-04T13:06:24.351Z",
    "consent_sign":"",
    "consent":null,
    "consent_sharing":"",
    "residence_status":"",
    "country_origin":"",
    "size":null,
    "address":"",
    "country":"LC",
    "zip_code":null,
    "admin_area":"AF1107",
    "admin_area_title":"Zanakhan",
    "admin1":"AF34",
    "admin1_title":"Nimroz",
    "admin2":"AF1107",
    "admin2_title":"Zanakhan",
    "admin3":"",
    "admin3_title":"",
    "admin4":"",
    "admin4_title":"",
    "geopoint":null,
    "female_age_group_0_5_count":null,
    "female_age_group_6_11_count":null,
    "female_age_group_12_17_count":null,
    "female_age_group_18_59_count":null,
    "female_age_group_60_count":null,
    "pregnant_count":null,
    "male_age_group_0_5_count":null,
    "male_age_group_6_11_count":null,
    "male_age_group_12_17_count":null,
    "male_age_group_18_59_count":null,
    "male_age_group_60_count":null,
    "female_age_group_0_5_disabled_count":null,
    "female_age_group_6_11_disabled_count":null,
    "female_age_group_12_17_disabled_count":null,
    "female_age_group_18_59_disabled_count":null,
    "female_age_group_60_disabled_count":null,
    "male_age_group_0_5_disabled_count":null,
    "male_age_group_6_11_disabled_count":null,
    "male_age_group_12_17_disabled_count":null,
    "male_age_group_18_59_disabled_count":null,
    "male_age_group_60_disabled_count":null,
    "head_of_household":"7fdeb99d-b1bf-45e8-8866-d0a4521299e8",
    "fchild_hoh":null,
    "child_hoh":null,
    "registration_data_import":"fdacfb7c-8d8a-467d-acdb-eba1b4bfe291",
    "first_registration_date":"2020-03-07T00:00:00Z",
    "last_registration_date":"2020-03-07T00:00:00Z",
    "returnee":null,
    "flex_fields":{

    },
    "start":null,
    "deviceid":"",
    "name_enumerator":"",
    "org_enumerator":"",
    "org_name_enumerator":"",
    "village":"",
    "registration_method":"",
    "collect_individual_data":"",
    "currency":"",
    "unhcr_id":"",
    "kobo_submission_uuid":null,
    "kobo_submission_time":null,
    "detail_id":"11",
    "program_registration_id":null,
    "enumerator_rec_id":null,
    "flex_registrations_record":null,
    "mis_unicef_id":null,
    "program_id":"939ff91b-7f89-4e3c-9519-26ed62f51718",
    "collect_type":"SINGLE"
  }
},
{
  "model":"registration_datahub.importedhousehold",
  "pk":"7c91c5db-3d9a-4532-a1a6-790d72a12a40",
  "fields":{
    "created_at":"2024-06-04T13:06:24.323Z",
    "updated_at":"2024-06-04T13:06:24.323Z",
    "consent_sign":"",
    "consent":null,
    "consent_sharing":"",
    "residence_status":"",
    "country_origin":"",
    "size":null,
    "address":"",
    "country":"GH",
    "zip_code":null,
    "admin_area":"AF3001",
    "admin_area_title":"Hirat",
    "admin1":"AF09",
    "admin1_title":"Baghlan",
    "admin2":"AF3001",
    "admin2_title":"Hirat",
    "admin3":"",
    "admin3_title":"",
    "admin4":"",
    "admin4_title":"",
    "geopoint":null,
    "female_age_group_0_5_count":null,
    "female_age_group_6_11_count":null,
    "female_age_group_12_17_count":null,
    "female_age_group_18_59_count":null,
    "female_age_group_60_count":null,
    "pregnant_count":null,
    "male_age_group_0_5_count":null,
    "male_age_group_6_11_count":null,
    "male_age_group_12_17_count":null,
    "male_age_group_18_59_count":null,
    "male_age_group_60_count":null,
    "female_age_group_0_5_disabled_count":null,
    "female_age_group_6_11_disabled_count":null,
    "female_age_group_12_17_disabled_count":null,
    "female_age_group_18_59_disabled_count":null,
    "female_age_group_60_disabled_count":null,
    "male_age_group_0_5_disabled_count":null,
    "male_age_group_6_11_disabled_count":null,
    "male_age_group_12_17_disabled_count":null,
    "male_age_group_18_59_disabled_count":null,
    "male_age_group_60_disabled_count":null,
    "head_of_household":"36c74c19-9052-4293-9bae-c255bf72d3f3",
    "fchild_hoh":null,
    "child_hoh":null,
    "registration_data_import":"fdacfb7c-8d8a-467d-acdb-eba1b4bfe291",
    "first_registration_date":"2006-02-15T00:00:00Z",
    "last_registration_date":"2006-02-15T00:00:00Z",
    "returnee":null,
    "flex_fields":{

    },
    "start":null,
    "deviceid":"",
    "name_enumerator":"",
    "org_enumerator":"",
    "org_name_enumerator":"",
    "village":"",
    "registration_method":"",
    "collect_individual_data":"",
    "currency":"",
    "unhcr_id":"",
    "kobo_submission_uuid":null,
    "kobo_submission_time":null,
    "detail_id":"7",
    "program_registration_id":null,
    "enumerator_rec_id":null,
    "flex_registrations_record":null,
    "mis_unicef_id":null,
    "program_id":"939ff91b-7f89-4e3c-9519-26ed62f51718",
    "collect_type":"SINGLE"
  }
},
{
  "model":"registration_datahub.importedhousehold",
  "pk":"a8792392-5ba0-41fe-bc0a-aeefd2f03a48",
  "fields":{
    "created_at":"2024-06-04T13:06:24.277Z",
    "updated_at":"2024-06-04T13:06:24.277Z",
    "consent_sign":"",
    "consent":null,
    "consent_sharing":"",
    "residence_status":"",
    "country_origin":"",
    "size":null,
    "address":"",
    "country":"ES",
    "zip_code":null,
    "admin_area":"AF2004",
    "admin_area_title":"Sozmaqala",
    "admin1":"AF04",
    "admin1_title":"Wardak",
    "admin2":"AF2004",
    "admin2_title":"Sozmaqala",
    "admin3":"",
    "admin3_title":"",
    "admin4":"",
    "admin4_title":"",
    "geopoint":null,
    "female_age_group_0_5_count":null,
    "female_age_group_6_11_count":null,
    "female_age_group_12_17_count":null,
    "female_age_group_18_59_count":null,
    "female_age_group_60_count":null,
    "pregnant_count":null,
    "male_age_group_0_5_count":null,
    "male_age_group_6_11_count":null,
    "male_age_group_12_17_count":null,
    "male_age_group_18_59_count":null,
    "male_age_group_60_count":null,
    "female_age_group_0_5_disabled_count":null,
    "female_age_group_6_11_disabled_count":null,
    "female_age_group_12_17_disabled_count":null,
    "female_age_group_18_59_disabled_count":null,
    "female_age_group_60_disabled_count":null,
    "male_age_group_0_5_disabled_count":null,
    "male_age_group_6_11_disabled_count":null,
    "male_age_group_12_17_disabled_count":null,
    "male_age_group_18_59_disabled_count":null,
    "male_age_group_60_disabled_count":null,
    "head_of_household":"351307ae-cfc8-479a-86f5-55450758512b",
    "fchild_hoh":null,
    "child_hoh":null,
    "registration_data_import":"fdacfb7c-8d8a-467d-acdb-eba1b4bfe291",
    "first_registration_date":"2005-05-30T00:00:00Z",
    "last_registration_date":"2005-05-30T00:00:00Z",
    "returnee":null,
    "flex_fields":{

    },
    "start":null,
    "deviceid":"",
    "name_enumerator":"",
    "org_enumerator":"",
    "org_name_enumerator":"",
    "village":"",
    "registration_method":"",
    "collect_individual_data":"",
    "currency":"",
    "unhcr_id":"",
    "kobo_submission_uuid":null,
    "kobo_submission_time":null,
    "detail_id":"3",
    "program_registration_id":null,
    "enumerator_rec_id":null,
    "flex_registrations_record":null,
    "mis_unicef_id":null,
    "program_id":"939ff91b-7f89-4e3c-9519-26ed62f51718",
    "collect_type":"SINGLE"
  }
},
{
  "model":"registration_datahub.importedhousehold",
  "pk":"cba378ef-f9ba-427a-b00f-4c3dc64bf7b4",
  "fields":{
    "created_at":"2024-06-04T13:06:24.329Z",
    "updated_at":"2024-06-04T13:06:24.329Z",
    "consent_sign":"",
    "consent":null,
    "consent_sharing":"",
    "residence_status":"",
    "country_origin":"",
    "size":null,
    "address":"",
    "country":"MF",
    "zip_code":null,
    "admin_area":"AF3306",
    "admin_area_title":"Shahwalikot",
    "admin1":"AF14",
    "admin1_title":"Nuristan",
    "admin2":"AF3306",
    "admin2_title":"Shahwalikot",
    "admin3":"",
    "admin3_title":"",
    "admin4":"",
    "admin4_title":"",
    "geopoint":null,
    "female_age_group_0_5_count":null,
    "female_age_group_6_11_count":null,
    "female_age_group_12_17_count":null,
    "female_age_group_18_59_count":null,
    "female_age_group_60_count":null,
    "pregnant_count":null,
    "male_age_group_0_5_count":null,
    "male_age_group_6_11_count":null,
    "male_age_group_12_17_count":null,
    "male_age_group_18_59_count":null,
    "male_age_group_60_count":null,
    "female_age_group_0_5_disabled_count":null,
    "female_age_group_6_11_disabled_count":null,
    "female_age_group_12_17_disabled_count":null,
    "female_age_group_18_59_disabled_count":null,
    "female_age_group_60_disabled_count":null,
    "male_age_group_0_5_disabled_count":null,
    "male_age_group_6_11_disabled_count":null,
    "male_age_group_12_17_disabled_count":null,
    "male_age_group_18_59_disabled_count":null,
    "male_age_group_60_disabled_count":null,
    "head_of_household":"a26ccd5a-3ea0-45d1-b160-ad7bafe579b8",
    "fchild_hoh":null,
    "child_hoh":null,
    "registration_data_import":"fdacfb7c-8d8a-467d-acdb-eba1b4bfe291",
    "first_registration_date":"2005-08-14T00:00:00Z",
    "last_registration_date":"2005-08-14T00:00:00Z",
    "returnee":null,
    "flex_fields":{

    },
    "start":null,
    "deviceid":"",
    "name_enumerator":"",
    "org_enumerator":"",
    "org_name_enumerator":"",
    "village":"",
    "registration_method":"",
    "collect_individual_data":"",
    "currency":"",
    "unhcr_id":"",
    "kobo_submission_uuid":null,
    "kobo_submission_time":null,
    "detail_id":"8",
    "program_registration_id":null,
    "enumerator_rec_id":null,
    "flex_registrations_record":null,
    "mis_unicef_id":null,
    "program_id":"939ff91b-7f89-4e3c-9519-26ed62f51718",
    "collect_type":"SINGLE"
  }
},
{
  "model":"registration_datahub.importedhousehold",
  "pk":"d3cbfd6c-2ea2-4554-a816-b5dd5bad98bc",
  "fields":{
    "created_at":"2024-06-04T13:06:24.316Z",
    "updated_at":"2024-06-04T13:06:24.316Z",
    "consent_sign":"",
    "consent":null,
    "consent_sharing":"",
    "residence_status":"",
    "country_origin":"",
    "size":null,
    "address":"",
    "country":"AX",
    "zip_code":null,
    "admin_area":"AF2207",
    "admin_area_title":"Sang-e-Takht",
    "admin1":"AF33",
    "admin1_title":"Kandahar",
    "admin2":"AF2207",
    "admin2_title":"Sang-e-Takht",
    "admin3":"",
    "admin3_title":"",
    "admin4":"",
    "admin4_title":"",
    "geopoint":null,
    "female_age_group_0_5_count":null,
    "female_age_group_6_11_count":null,
    "female_age_group_12_17_count":null,
    "female_age_group_18_59_count":null,
    "female_age_group_60_count":null,
    "pregnant_count":null,
    "male_age_group_0_5_count":null,
    "male_age_group_6_11_count":null,
    "male_age_group_12_17_count":null,
    "male_age_group_18_59_count":null,
    "male_age_group_60_count":null,
    "female_age_group_0_5_disabled_count":null,
    "female_age_group_6_11_disabled_count":null,
    "female_age_group_12_17_disabled_count":null,
    "female_age_group_18_59_disabled_count":null,
    "female_age_group_60_disabled_count":null,
    "male_age_group_0_5_disabled_count":null,
    "male_age_group_6_11_disabled_count":null,
    "male_age_group_12_17_disabled_count":null,
    "male_age_group_18_59_disabled_count":null,
    "male_age_group_60_disabled_count":null,
    "head_of_household":"5bfffcaa-10f2-4d98-8957-d87e3a9e5e82",
    "fchild_hoh":null,
    "child_hoh":null,
    "registration_data_import":"fdacfb7c-8d8a-467d-acdb-eba1b4bfe291",
    "first_registration_date":"2008-12-07T00:00:00Z",
    "last_registration_date":"2008-12-07T00:00:00Z",
    "returnee":null,
    "flex_fields":{

    },
    "start":null,
    "deviceid":"",
    "name_enumerator":"",
    "org_enumerator":"",
    "org_name_enumerator":"",
    "village":"",
    "registration_method":"",
    "collect_individual_data":"",
    "currency":"",
    "unhcr_id":"",
    "kobo_submission_uuid":null,
    "kobo_submission_time":null,
    "detail_id":"6",
    "program_registration_id":null,
    "enumerator_rec_id":null,
    "flex_registrations_record":null,
    "mis_unicef_id":null,
    "program_id":"939ff91b-7f89-4e3c-9519-26ed62f51718",
    "collect_type":"SINGLE"
  }
},
{
  "model":"registration_datahub.importedhousehold",
  "pk":"de7d12e6-0118-4fdd-9f84-b41d97fda2bb",
  "fields":{
    "created_at":"2024-06-04T13:06:24.344Z",
    "updated_at":"2024-06-04T13:06:24.344Z",
    "consent_sign":"",
    "consent":null,
    "consent_sharing":"",
    "residence_status":"",
    "country_origin":"",
    "size":null,
    "address":"",
    "country":"EH",
    "zip_code":null,
    "admin_area":"AF3010",
    "admin_area_title":"Adraskan",
    "admin1":"AF33",
    "admin1_title":"Kandahar",
    "admin2":"AF3010",
    "admin2_title":"Adraskan",
    "admin3":"",
    "admin3_title":"",
    "admin4":"",
    "admin4_title":"",
    "geopoint":null,
    "female_age_group_0_5_count":null,
    "female_age_group_6_11_count":null,
    "female_age_group_12_17_count":null,
    "female_age_group_18_59_count":null,
    "female_age_group_60_count":null,
    "pregnant_count":null,
    "male_age_group_0_5_count":null,
    "male_age_group_6_11_count":null,
    "male_age_group_12_17_count":null,
    "male_age_group_18_59_count":null,
    "male_age_group_60_count":null,
    "female_age_group_0_5_disabled_count":null,
    "female_age_group_6_11_disabled_count":null,
    "female_age_group_12_17_disabled_count":null,
    "female_age_group_18_59_disabled_count":null,
    "female_age_group_60_disabled_count":null,
    "male_age_group_0_5_disabled_count":null,
    "male_age_group_6_11_disabled_count":null,
    "male_age_group_12_17_disabled_count":null,
    "male_age_group_18_59_disabled_count":null,
    "male_age_group_60_disabled_count":null,
    "head_of_household":"3cd2607d-a3c9-4526-be56-db218d2e81a9",
    "fchild_hoh":null,
    "child_hoh":null,
    "registration_data_import":"fdacfb7c-8d8a-467d-acdb-eba1b4bfe291",
    "first_registration_date":"2005-05-07T00:00:00Z",
    "last_registration_date":"2005-05-07T00:00:00Z",
    "returnee":null,
    "flex_fields":{

    },
    "start":null,
    "deviceid":"",
    "name_enumerator":"",
    "org_enumerator":"",
    "org_name_enumerator":"",
    "village":"",
    "registration_method":"",
    "collect_individual_data":"",
    "currency":"",
    "unhcr_id":"",
    "kobo_submission_uuid":null,
    "kobo_submission_time":null,
    "detail_id":"10",
    "program_registration_id":null,
    "enumerator_rec_id":null,
    "flex_registrations_record":null,
    "mis_unicef_id":null,
    "program_id":"939ff91b-7f89-4e3c-9519-26ed62f51718",
    "collect_type":"SINGLE"
  }
},
{
  "model":"registration_datahub.importedhousehold",
  "pk":"e2fa3120-b5fa-4fe6-8839-fac2d3ca898a",
  "fields":{
    "created_at":"2024-06-04T13:06:24.309Z",
    "updated_at":"2024-06-04T13:06:24.309Z",
    "consent_sign":"",
    "consent":null,
    "consent_sharing":"",
    "residence_status":"",
    "country_origin":"",
    "size":null,
    "address":"",
    "country":"CK",
    "zip_code":null,
    "admin_area":"AF2802",
    "admin_area_title":"Khwajasabzposh",
    "admin1":"AF09",
    "admin1_title":"Baghlan",
    "admin2":"AF2802",
    "admin2_title":"Khwajasabzposh",
    "admin3":"",
    "admin3_title":"",
    "admin4":"",
    "admin4_title":"",
    "geopoint":null,
    "female_age_group_0_5_count":null,
    "female_age_group_6_11_count":null,
    "female_age_group_12_17_count":null,
    "female_age_group_18_59_count":null,
    "female_age_group_60_count":null,
    "pregnant_count":null,
    "male_age_group_0_5_count":null,
    "male_age_group_6_11_count":null,
    "male_age_group_12_17_count":null,
    "male_age_group_18_59_count":null,
    "male_age_group_60_count":null,
    "female_age_group_0_5_disabled_count":null,
    "female_age_group_6_11_disabled_count":null,
    "female_age_group_12_17_disabled_count":null,
    "female_age_group_18_59_disabled_count":null,
    "female_age_group_60_disabled_count":null,
    "male_age_group_0_5_disabled_count":null,
    "male_age_group_6_11_disabled_count":null,
    "male_age_group_12_17_disabled_count":null,
    "male_age_group_18_59_disabled_count":null,
    "male_age_group_60_disabled_count":null,
    "head_of_household":"8a505757-9f83-48e2-8c0c-a29b17b5995f",
    "fchild_hoh":null,
    "child_hoh":null,
    "registration_data_import":"fdacfb7c-8d8a-467d-acdb-eba1b4bfe291",
    "first_registration_date":"2007-09-19T00:00:00Z",
    "last_registration_date":"2007-09-19T00:00:00Z",
    "returnee":null,
    "flex_fields":{

    },
    "start":null,
    "deviceid":"",
    "name_enumerator":"",
    "org_enumerator":"",
    "org_name_enumerator":"",
    "village":"",
    "registration_method":"",
    "collect_individual_data":"",
    "currency":"",
    "unhcr_id":"",
    "kobo_submission_uuid":null,
    "kobo_submission_time":null,
    "detail_id":"5",
    "program_registration_id":null,
    "enumerator_rec_id":null,
    "flex_registrations_record":null,
    "mis_unicef_id":null,
    "program_id":"939ff91b-7f89-4e3c-9519-26ed62f51718",
    "collect_type":"SINGLE"
  }
},
{
  "model":"registration_datahub.importedindividual",
  "pk":"1e854b23-eea5-4184-a779-a74cd40d0068",
  "fields":{
    "created_at":"2024-06-04T13:06:24.385Z",
    "updated_at":"2024-06-04T13:06:24.385Z",
    "individual_id":"",
    "photo":"",
    "full_name":"Paula Roberts",
    "given_name":"",
    "middle_name":"",
    "family_name":"Bryan Powell MD",
    "relationship":"HEAD",
    "sex":"FEMALE",
    "birth_date":"2005-08-08",
    "estimated_birth_date":false,
    "marital_status":"SEPARATED",
    "phone_no":"(722)996-1758x54168",
    "phone_no_valid":null,
    "phone_no_alternative":"",
    "phone_no_alternative_valid":null,
    "email":"",
    "payment_delivery_phone_no":"",
    "household":"10629102-0e9a-46b9-a17e-87548e623ea8",
    "registration_data_import":"fdacfb7c-8d8a-467d-acdb-eba1b4bfe291",
    "disability":"not disabled",
    "work_status":"0",
    "first_registration_date":"2008-10-21",
    "last_registration_date":"2008-10-21",
    "deduplication_batch_status":"UNIQUE_IN_BATCH",
    "deduplication_golden_record_status":"UNIQUE",
    "deduplication_batch_results":{
      "score":{
        "max":0,
        "min":9223372036854775807,
        "qty":0
      },
      "duplicates":[

      ],
      "possible_duplicates":[

      ]
    },
    "deduplication_golden_record_results":{
      "duplicates":[

      ],
      "possible_duplicates":[

      ]
    },
    "flex_fields":{

    },
    "pregnant":false,
    "observed_disability":"HEARING",
    "seeing_disability":"SOME_DIFFICULTY",
    "hearing_disability":"CANNOT_DO",
    "physical_disability":"SOME_DIFFICULTY",
    "memory_disability":"CANNOT_DO",
    "selfcare_disability":"LOT_DIFFICULTY",
    "comms_disability":"LOT_DIFFICULTY",
    "who_answers_phone":"",
    "who_answers_alt_phone":"",
    "detail_id":"12",
    "disability_certificate_picture":"",
    "preferred_language":null,
    "mis_unicef_id":null,
    "program_id":"939ff91b-7f89-4e3c-9519-26ed62f51718",
    "age_at_registration":18,
    "wallet_name":"",
    "blockchain_name":"",
    "wallet_address":""
  }
},
{
  "model":"registration_datahub.importedindividual",
  "pk":"241d9b2e-d5be-4c70-b58c-d2ec0261c7d0",
  "fields":{
    "created_at":"2024-06-04T13:06:24.384Z",
    "updated_at":"2024-06-04T13:06:24.384Z",
    "individual_id":"",
    "photo":"",
    "full_name":"Samantha Adams",
    "given_name":"",
    "middle_name":"",
    "family_name":"Christopher Kramer",
    "relationship":"HEAD",
    "sex":"MALE",
    "birth_date":"1999-05-10",
    "estimated_birth_date":false,
    "marital_status":"",
    "phone_no":"001-919-758-4253x495",
    "phone_no_valid":null,
    "phone_no_alternative":"",
    "phone_no_alternative_valid":null,
    "email":"",
    "payment_delivery_phone_no":"",
    "household":"056ca352-7ee3-4e0b-978e-d57925f712b1",
    "registration_data_import":"fdacfb7c-8d8a-467d-acdb-eba1b4bfe291",
    "disability":"not disabled",
    "work_status":"1",
    "first_registration_date":"2009-10-09",
    "last_registration_date":"2009-10-09",
    "deduplication_batch_status":"UNIQUE_IN_BATCH",
    "deduplication_golden_record_status":"UNIQUE",
    "deduplication_batch_results":{
      "score":{
        "max":0,
        "min":9223372036854775807,
        "qty":0
      },
      "duplicates":[

      ],
      "possible_duplicates":[

      ]
    },
    "deduplication_golden_record_results":{
      "duplicates":[

      ],
      "possible_duplicates":[

      ]
    },
    "flex_fields":{

    },
    "pregnant":false,
    "observed_disability":"SELF_CARE",
    "seeing_disability":"CANNOT_DO",
    "hearing_disability":"LOT_DIFFICULTY",
    "physical_disability":"CANNOT_DO",
    "memory_disability":"CANNOT_DO",
    "selfcare_disability":"SOME_DIFFICULTY",
    "comms_disability":"",
    "who_answers_phone":"",
    "who_answers_alt_phone":"",
    "detail_id":"9",
    "disability_certificate_picture":"",
    "preferred_language":null,
    "mis_unicef_id":null,
    "program_id":"939ff91b-7f89-4e3c-9519-26ed62f51718",
    "age_at_registration":25,
    "wallet_name":"",
    "blockchain_name":"",
    "wallet_address":""
  }
},
{
  "model":"registration_datahub.importedindividual",
  "pk":"351307ae-cfc8-479a-86f5-55450758512b",
  "fields":{
    "created_at":"2024-06-04T13:06:24.361Z",
    "updated_at":"2024-06-04T13:06:24.361Z",
    "individual_id":"",
    "photo":"",
    "full_name":"Samuel Russell",
    "given_name":"",
    "middle_name":"",
    "family_name":"Dr. April Hobbs",
    "relationship":"HEAD",
    "sex":"FEMALE",
    "birth_date":"2005-08-17",
    "estimated_birth_date":false,
    "marital_status":"WIDOWED",
    "phone_no":"(266)977-6431x857",
    "phone_no_valid":null,
    "phone_no_alternative":"",
    "phone_no_alternative_valid":null,
    "email":"",
    "payment_delivery_phone_no":"",
    "household":"a8792392-5ba0-41fe-bc0a-aeefd2f03a48",
    "registration_data_import":"fdacfb7c-8d8a-467d-acdb-eba1b4bfe291",
    "disability":"not disabled",
    "work_status":"NOT_PROVIDED",
    "first_registration_date":"2005-05-30",
    "last_registration_date":"2005-05-30",
    "deduplication_batch_status":"UNIQUE_IN_BATCH",
    "deduplication_golden_record_status":"UNIQUE",
    "deduplication_batch_results":{
      "score":{
        "max":0,
        "min":9223372036854775807,
        "qty":0
      },
      "duplicates":[

      ],
      "possible_duplicates":[

      ]
    },
    "deduplication_golden_record_results":{
      "duplicates":[

      ],
      "possible_duplicates":[

      ]
    },
    "flex_fields":{

    },
    "pregnant":false,
    "observed_disability":"SEEING",
    "seeing_disability":"SOME_DIFFICULTY",
    "hearing_disability":"CANNOT_DO",
    "physical_disability":"LOT_DIFFICULTY",
    "memory_disability":"CANNOT_DO",
    "selfcare_disability":"LOT_DIFFICULTY",
    "comms_disability":"",
    "who_answers_phone":"",
    "who_answers_alt_phone":"",
    "detail_id":"3",
    "disability_certificate_picture":"",
    "preferred_language":null,
    "mis_unicef_id":null,
    "program_id":"939ff91b-7f89-4e3c-9519-26ed62f51718",
    "age_at_registration":18,
    "wallet_name":"",
    "blockchain_name":"",
    "wallet_address":""
  }
},
{
  "model":"registration_datahub.importedindividual",
  "pk":"36c74c19-9052-4293-9bae-c255bf72d3f3",
  "fields":{
    "created_at":"2024-06-04T13:06:24.384Z",
    "updated_at":"2024-06-04T13:06:24.384Z",
    "individual_id":"",
    "photo":"",
    "full_name":"Austin Smith",
    "given_name":"",
    "middle_name":"",
    "family_name":"Karen Smith",
    "relationship":"HEAD",
    "sex":"FEMALE",
    "birth_date":"1995-01-09",
    "estimated_birth_date":false,
    "marital_status":"DIVORCED",
    "phone_no":"(558)362-8774",
    "phone_no_valid":null,
    "phone_no_alternative":"",
    "phone_no_alternative_valid":null,
    "email":"",
    "payment_delivery_phone_no":"",
    "household":"7c91c5db-3d9a-4532-a1a6-790d72a12a40",
    "registration_data_import":"fdacfb7c-8d8a-467d-acdb-eba1b4bfe291",
    "disability":"not disabled",
    "work_status":"1",
    "first_registration_date":"2006-02-15",
    "last_registration_date":"2006-02-15",
    "deduplication_batch_status":"UNIQUE_IN_BATCH",
    "deduplication_golden_record_status":"UNIQUE",
    "deduplication_batch_results":{
      "score":{
        "max":0,
        "min":9223372036854775807,
        "qty":0
      },
      "duplicates":[

      ],
      "possible_duplicates":[

      ]
    },
    "deduplication_golden_record_results":{
      "duplicates":[

      ],
      "possible_duplicates":[

      ]
    },
    "flex_fields":{

    },
    "pregnant":false,
    "observed_disability":"SEEING",
    "seeing_disability":"SOME_DIFFICULTY",
    "hearing_disability":"SOME_DIFFICULTY",
    "physical_disability":"CANNOT_DO",
    "memory_disability":"CANNOT_DO",
    "selfcare_disability":"SOME_DIFFICULTY",
    "comms_disability":"LOT_DIFFICULTY",
    "who_answers_phone":"",
    "who_answers_alt_phone":"",
    "detail_id":"7",
    "disability_certificate_picture":"",
    "preferred_language":null,
    "mis_unicef_id":null,
    "program_id":"939ff91b-7f89-4e3c-9519-26ed62f51718",
    "age_at_registration":29,
    "wallet_name":"",
    "blockchain_name":"",
    "wallet_address":""
  }
},
{
  "model":"registration_datahub.importedindividual",
  "pk":"3cd2607d-a3c9-4526-be56-db218d2e81a9",
  "fields":{
    "created_at":"2024-06-04T13:06:24.384Z",
    "updated_at":"2024-06-04T13:06:24.384Z",
    "individual_id":"",
    "photo":"",
    "full_name":"Stacey Freeman",
    "given_name":"",
    "middle_name":"",
    "family_name":"Todd Adams",
    "relationship":"HEAD",
    "sex":"FEMALE",
    "birth_date":"2018-12-02",
    "estimated_birth_date":false,
    "marital_status":"",
    "phone_no":"394.494.6165x76079",
    "phone_no_valid":null,
    "phone_no_alternative":"",
    "phone_no_alternative_valid":null,
    "email":"",
    "payment_delivery_phone_no":"",
    "household":"de7d12e6-0118-4fdd-9f84-b41d97fda2bb",
    "registration_data_import":"fdacfb7c-8d8a-467d-acdb-eba1b4bfe291",
    "disability":"not disabled",
    "work_status":"NOT_PROVIDED",
    "first_registration_date":"2005-05-07",
    "last_registration_date":"2005-05-07",
    "deduplication_batch_status":"UNIQUE_IN_BATCH",
    "deduplication_golden_record_status":"UNIQUE",
    "deduplication_batch_results":{
      "score":{
        "max":0,
        "min":9223372036854775807,
        "qty":0
      },
      "duplicates":[

      ],
      "possible_duplicates":[

      ]
    },
    "deduplication_golden_record_results":{
      "duplicates":[

      ],
      "possible_duplicates":[

      ]
    },
    "flex_fields":{

    },
    "pregnant":false,
    "observed_disability":"WALKING",
    "seeing_disability":"SOME_DIFFICULTY",
    "hearing_disability":"LOT_DIFFICULTY",
    "physical_disability":"",
    "memory_disability":"CANNOT_DO",
    "selfcare_disability":"SOME_DIFFICULTY",
    "comms_disability":"LOT_DIFFICULTY",
    "who_answers_phone":"",
    "who_answers_alt_phone":"",
    "detail_id":"10",
    "disability_certificate_picture":"",
    "preferred_language":null,
    "mis_unicef_id":null,
    "program_id":"939ff91b-7f89-4e3c-9519-26ed62f51718",
    "age_at_registration":5,
    "wallet_name":"",
    "blockchain_name":"",
    "wallet_address":""
  }
},
{
  "model":"registration_datahub.importedindividual",
  "pk":"5bfffcaa-10f2-4d98-8957-d87e3a9e5e82",
  "fields":{
    "created_at":"2024-06-04T13:06:24.383Z",
    "updated_at":"2024-06-04T13:06:24.383Z",
    "individual_id":"",
    "photo":"",
    "full_name":"James Gonzalez II",
    "given_name":"",
    "middle_name":"",
    "family_name":"Kenneth Brooks",
    "relationship":"HEAD",
    "sex":"MALE",
    "birth_date":"1998-06-13",
    "estimated_birth_date":false,
    "marital_status":"DIVORCED",
    "phone_no":"+14508345669",
    "phone_no_valid":null,
    "phone_no_alternative":"",
    "phone_no_alternative_valid":null,
    "email":"",
    "payment_delivery_phone_no":"",
    "household":"d3cbfd6c-2ea2-4554-a816-b5dd5bad98bc",
    "registration_data_import":"fdacfb7c-8d8a-467d-acdb-eba1b4bfe291",
    "disability":"not disabled",
    "work_status":"0",
    "first_registration_date":"2008-12-07",
    "last_registration_date":"2008-12-07",
    "deduplication_batch_status":"UNIQUE_IN_BATCH",
    "deduplication_golden_record_status":"UNIQUE",
    "deduplication_batch_results":{
      "score":{
        "max":0,
        "min":9223372036854775807,
        "qty":0
      },
      "duplicates":[

      ],
      "possible_duplicates":[

      ]
    },
    "deduplication_golden_record_results":{
      "duplicates":[

      ],
      "possible_duplicates":[

      ]
    },
    "flex_fields":{

    },
    "pregnant":false,
    "observed_disability":"WALKING",
    "seeing_disability":"SOME_DIFFICULTY",
    "hearing_disability":"SOME_DIFFICULTY",
    "physical_disability":"LOT_DIFFICULTY",
    "memory_disability":"LOT_DIFFICULTY",
    "selfcare_disability":"SOME_DIFFICULTY",
    "comms_disability":"CANNOT_DO",
    "who_answers_phone":"",
    "who_answers_alt_phone":"",
    "detail_id":"6",
    "disability_certificate_picture":"",
    "preferred_language":null,
    "mis_unicef_id":null,
    "program_id":"939ff91b-7f89-4e3c-9519-26ed62f51718",
    "age_at_registration":25,
    "wallet_name":"",
    "blockchain_name":"",
    "wallet_address":""
  }
},
{
  "model":"registration_datahub.importedindividual",
  "pk":"7fdeb99d-b1bf-45e8-8866-d0a4521299e8",
  "fields":{
    "created_at":"2024-06-04T13:06:24.385Z",
    "updated_at":"2024-06-04T13:06:24.385Z",
    "individual_id":"",
    "photo":"",
    "full_name":"James Bernard",
    "given_name":"",
    "middle_name":"",
    "family_name":"Allen Miller",
    "relationship":"HEAD",
    "sex":"FEMALE",
    "birth_date":"2008-11-30",
    "estimated_birth_date":false,
    "marital_status":"MARRIED",
    "phone_no":"001-731-676-2759x5087",
    "phone_no_valid":null,
    "phone_no_alternative":"",
    "phone_no_alternative_valid":null,
    "email":"",
    "payment_delivery_phone_no":"",
    "household":"472f54df-76c6-4f26-8914-5a7e22683a75",
    "registration_data_import":"fdacfb7c-8d8a-467d-acdb-eba1b4bfe291",
    "disability":"not disabled",
    "work_status":"0",
    "first_registration_date":"2020-03-07",
    "last_registration_date":"2020-03-07",
    "deduplication_batch_status":"UNIQUE_IN_BATCH",
    "deduplication_golden_record_status":"UNIQUE",
    "deduplication_batch_results":{
      "score":{
        "max":0,
        "min":9223372036854775807,
        "qty":0
      },
      "duplicates":[

      ],
      "possible_duplicates":[

      ]
    },
    "deduplication_golden_record_results":{
      "duplicates":[

      ],
      "possible_duplicates":[

      ]
    },
    "flex_fields":{

    },
    "pregnant":false,
    "observed_disability":"COMMUNICATING",
    "seeing_disability":"",
    "hearing_disability":"LOT_DIFFICULTY",
    "physical_disability":"SOME_DIFFICULTY",
    "memory_disability":"SOME_DIFFICULTY",
    "selfcare_disability":"SOME_DIFFICULTY",
    "comms_disability":"",
    "who_answers_phone":"",
    "who_answers_alt_phone":"",
    "detail_id":"11",
    "disability_certificate_picture":"",
    "preferred_language":null,
    "mis_unicef_id":null,
    "program_id":"939ff91b-7f89-4e3c-9519-26ed62f51718",
    "age_at_registration":15,
    "wallet_name":"",
    "blockchain_name":"",
    "wallet_address":""
  }
},
{
  "model":"registration_datahub.importedindividual",
  "pk":"8a505757-9f83-48e2-8c0c-a29b17b5995f",
  "fields":{
    "created_at":"2024-06-04T13:06:24.383Z",
    "updated_at":"2024-06-04T13:06:24.383Z",
    "individual_id":"",
    "photo":"",
    "full_name":"Jenna Beasley",
    "given_name":"",
    "middle_name":"",
    "family_name":"Terry Hodges",
    "relationship":"HEAD",
    "sex":"MALE",
    "birth_date":"2004-12-11",
    "estimated_birth_date":false,
    "marital_status":"WIDOWED",
    "phone_no":"001-239-394-7967x746",
    "phone_no_valid":null,
    "phone_no_alternative":"",
    "phone_no_alternative_valid":null,
    "email":"",
    "payment_delivery_phone_no":"",
    "household":"e2fa3120-b5fa-4fe6-8839-fac2d3ca898a",
    "registration_data_import":"fdacfb7c-8d8a-467d-acdb-eba1b4bfe291",
    "disability":"not disabled",
    "work_status":"NOT_PROVIDED",
    "first_registration_date":"2007-09-19",
    "last_registration_date":"2007-09-19",
    "deduplication_batch_status":"UNIQUE_IN_BATCH",
    "deduplication_golden_record_status":"UNIQUE",
    "deduplication_batch_results":{
      "score":{
        "max":0,
        "min":9223372036854775807,
        "qty":0
      },
      "duplicates":[

      ],
      "possible_duplicates":[

      ]
    },
    "deduplication_golden_record_results":{
      "duplicates":[

      ],
      "possible_duplicates":[

      ]
    },
    "flex_fields":{

    },
    "pregnant":false,
    "observed_disability":"COMMUNICATING",
    "seeing_disability":"LOT_DIFFICULTY",
    "hearing_disability":"",
    "physical_disability":"SOME_DIFFICULTY",
    "memory_disability":"SOME_DIFFICULTY",
    "selfcare_disability":"",
    "comms_disability":"",
    "who_answers_phone":"",
    "who_answers_alt_phone":"",
    "detail_id":"5",
    "disability_certificate_picture":"",
    "preferred_language":null,
    "mis_unicef_id":null,
    "program_id":"939ff91b-7f89-4e3c-9519-26ed62f51718",
    "age_at_registration":19,
    "wallet_name":"",
    "blockchain_name":"",
    "wallet_address":""
  }
},
{
  "model":"registration_datahub.importedindividual",
  "pk":"a26ccd5a-3ea0-45d1-b160-ad7bafe579b8",
  "fields":{
    "created_at":"2024-06-04T13:06:24.384Z",
    "updated_at":"2024-06-04T13:06:24.384Z",
    "individual_id":"",
    "photo":"",
    "full_name":"Charles Braun",
    "given_name":"",
    "middle_name":"",
    "family_name":"Theresa Lozano",
    "relationship":"HEAD",
    "sex":"MALE",
    "birth_date":"2021-05-01",
    "estimated_birth_date":false,
    "marital_status":"WIDOWED",
    "phone_no":"+1-357-665-3567x540",
    "phone_no_valid":null,
    "phone_no_alternative":"",
    "phone_no_alternative_valid":null,
    "email":"",
    "payment_delivery_phone_no":"",
    "household":"cba378ef-f9ba-427a-b00f-4c3dc64bf7b4",
    "registration_data_import":"fdacfb7c-8d8a-467d-acdb-eba1b4bfe291",
    "disability":"not disabled",
    "work_status":"0",
    "first_registration_date":"2005-08-14",
    "last_registration_date":"2005-08-14",
    "deduplication_batch_status":"UNIQUE_IN_BATCH",
    "deduplication_golden_record_status":"UNIQUE",
    "deduplication_batch_results":{
      "score":{
        "max":0,
        "min":9223372036854775807,
        "qty":0
      },
      "duplicates":[

      ],
      "possible_duplicates":[

      ]
    },
    "deduplication_golden_record_results":{
      "duplicates":[

      ],
      "possible_duplicates":[

      ]
    },
    "flex_fields":{

    },
    "pregnant":false,
    "observed_disability":"NONE",
    "seeing_disability":"CANNOT_DO",
    "hearing_disability":"",
    "physical_disability":"SOME_DIFFICULTY",
    "memory_disability":"SOME_DIFFICULTY",
    "selfcare_disability":"",
    "comms_disability":"SOME_DIFFICULTY",
    "who_answers_phone":"",
    "who_answers_alt_phone":"",
    "detail_id":"8",
    "disability_certificate_picture":"",
    "preferred_language":null,
    "mis_unicef_id":null,
    "program_id":"939ff91b-7f89-4e3c-9519-26ed62f51718",
    "age_at_registration":3,
    "wallet_name":"",
    "blockchain_name":"",
    "wallet_address":""
  }
},
{
  "model":"registration_datahub.importedindividual",
  "pk":"a5aac76e-c630-4eb9-ab01-b192f2833105",
  "fields":{
    "created_at":"2024-06-04T13:06:24.383Z",
    "updated_at":"2024-06-04T13:06:24.383Z",
    "individual_id":"",
    "photo":"",
    "full_name":"Julie Hernandez",
    "given_name":"",
    "middle_name":"",
    "family_name":"Eric Roberts",
    "relationship":"HEAD",
    "sex":"FEMALE",
    "birth_date":"2019-06-13",
    "estimated_birth_date":false,
    "marital_status":"",
    "phone_no":"+19285508880",
    "phone_no_valid":null,
    "phone_no_alternative":"",
    "phone_no_alternative_valid":null,
    "email":"",
    "payment_delivery_phone_no":"",
    "household":"0aa989ae-0bea-499c-a6e5-78d9fa98569a",
    "registration_data_import":"fdacfb7c-8d8a-467d-acdb-eba1b4bfe291",
    "disability":"not disabled",
    "work_status":"0",
    "first_registration_date":"2012-03-03",
    "last_registration_date":"2012-03-03",
    "deduplication_batch_status":"UNIQUE_IN_BATCH",
    "deduplication_golden_record_status":"UNIQUE",
    "deduplication_batch_results":{
      "score":{
        "max":0,
        "min":9223372036854775807,
        "qty":0
      },
      "duplicates":[

      ],
      "possible_duplicates":[

      ]
    },
    "deduplication_golden_record_results":{
      "duplicates":[

      ],
      "possible_duplicates":[

      ]
    },
    "flex_fields":{

    },
    "pregnant":false,
    "observed_disability":"MEMORY",
    "seeing_disability":"LOT_DIFFICULTY",
    "hearing_disability":"",
    "physical_disability":"LOT_DIFFICULTY",
    "memory_disability":"",
    "selfcare_disability":"SOME_DIFFICULTY",
    "comms_disability":"SOME_DIFFICULTY",
    "who_answers_phone":"",
    "who_answers_alt_phone":"",
    "detail_id":"4",
    "disability_certificate_picture":"",
    "preferred_language":null,
    "mis_unicef_id":null,
    "program_id":"939ff91b-7f89-4e3c-9519-26ed62f51718",
    "age_at_registration":4,
    "wallet_name":"",
    "blockchain_name":"",
    "wallet_address":""
  }
},
{
  "model":"registration_datahub.importedindividualroleinhousehold",
  "pk":"970fed99-a819-4e5b-bb8b-f4070b102741",
  "fields":{
    "created_at":"2024-06-04T13:06:24.482Z",
    "updated_at":"2024-06-04T13:06:24.482Z",
    "individual":"241d9b2e-d5be-4c70-b58c-d2ec0261c7d0",
    "household":"056ca352-7ee3-4e0b-978e-d57925f712b1",
    "role":"PRIMARY"
  }
},
{
  "model":"registration_datahub.importedindividualroleinhousehold",
  "pk":"2e9ff193-aebc-4fee-a819-9893f38c7707",
  "fields":{
    "created_at":"2024-06-04T13:06:24.482Z",
    "updated_at":"2024-06-04T13:06:24.482Z",
    "individual":"a5aac76e-c630-4eb9-ab01-b192f2833105",
    "household":"0aa989ae-0bea-499c-a6e5-78d9fa98569a",
    "role":"PRIMARY"
  }
},
{
  "model":"registration_datahub.importedindividualroleinhousehold",
  "pk":"65dfb6b6-bbbc-4d74-93ab-104de8cb3501",
  "fields":{
    "created_at":"2024-06-04T13:06:24.482Z",
    "updated_at":"2024-06-04T13:06:24.482Z",
    "individual":"1e854b23-eea5-4184-a779-a74cd40d0068",
    "household":"10629102-0e9a-46b9-a17e-87548e623ea8",
    "role":"PRIMARY"
  }
},
{
  "model":"registration_datahub.importedindividualroleinhousehold",
  "pk":"3f8ff6e4-8863-4ae1-b06e-68e8c7c3580d",
  "fields":{
    "created_at":"2024-06-04T13:06:24.482Z",
    "updated_at":"2024-06-04T13:06:24.482Z",
    "individual":"7fdeb99d-b1bf-45e8-8866-d0a4521299e8",
    "household":"472f54df-76c6-4f26-8914-5a7e22683a75",
    "role":"PRIMARY"
  }
},
{
  "model":"registration_datahub.importedindividualroleinhousehold",
  "pk":"0a66f146-900a-4982-92af-030affaeddd9",
  "fields":{
    "created_at":"2024-06-04T13:06:24.482Z",
    "updated_at":"2024-06-04T13:06:24.482Z",
    "individual":"36c74c19-9052-4293-9bae-c255bf72d3f3",
    "household":"7c91c5db-3d9a-4532-a1a6-790d72a12a40",
    "role":"PRIMARY"
  }
},
{
  "model":"registration_datahub.importedindividualroleinhousehold",
  "pk":"c698f0b2-c5fe-4708-97dc-77d849df7897",
  "fields":{
    "created_at":"2024-06-04T13:06:24.482Z",
    "updated_at":"2024-06-04T13:06:24.482Z",
    "individual":"351307ae-cfc8-479a-86f5-55450758512b",
    "household":"a8792392-5ba0-41fe-bc0a-aeefd2f03a48",
    "role":"PRIMARY"
  }
},
{
  "model":"registration_datahub.importedindividualroleinhousehold",
  "pk":"4b78099e-4786-411c-bbf9-e7b75f6e3a55",
  "fields":{
    "created_at":"2024-06-04T13:06:24.482Z",
    "updated_at":"2024-06-04T13:06:24.482Z",
    "individual":"a26ccd5a-3ea0-45d1-b160-ad7bafe579b8",
    "household":"cba378ef-f9ba-427a-b00f-4c3dc64bf7b4",
    "role":"PRIMARY"
  }
},
{
  "model":"registration_datahub.importedindividualroleinhousehold",
  "pk":"8050655c-3c04-4320-9ac8-8c98c3c26a51",
  "fields":{
    "created_at":"2024-06-04T13:06:24.482Z",
    "updated_at":"2024-06-04T13:06:24.482Z",
    "individual":"5bfffcaa-10f2-4d98-8957-d87e3a9e5e82",
    "household":"d3cbfd6c-2ea2-4554-a816-b5dd5bad98bc",
    "role":"PRIMARY"
  }
},
{
  "model":"registration_datahub.importedindividualroleinhousehold",
  "pk":"26bc1e0b-2127-49e4-827e-923f1cd1840d",
  "fields":{
    "created_at":"2024-06-04T13:06:24.482Z",
    "updated_at":"2024-06-04T13:06:24.482Z",
    "individual":"3cd2607d-a3c9-4526-be56-db218d2e81a9",
    "household":"de7d12e6-0118-4fdd-9f84-b41d97fda2bb",
    "role":"PRIMARY"
  }
},
{
  "model":"registration_datahub.importedindividualroleinhousehold",
  "pk":"e7b8b2a0-2f0e-43ac-afa5-b94a3d97b06f",
  "fields":{
    "created_at":"2024-06-04T13:06:24.482Z",
    "updated_at":"2024-06-04T13:06:24.482Z",
    "individual":"8a505757-9f83-48e2-8c0c-a29b17b5995f",
    "household":"e2fa3120-b5fa-4fe6-8839-fac2d3ca898a",
    "role":"PRIMARY"
  }
},
{
  "model":"registration_datahub.importdata",
  "pk":"e04a2d90-8208-4b68-93aa-3da17a97f6ec",
  "fields":{
    "created_at":"2024-06-04T13:05:58.062Z",
    "updated_at":"2024-06-04T13:05:58.593Z",
    "status":"FINISHED",
    "business_area_slug":"afghanistan",
    "file":"rdi_import_1_hh_10_people_seed_12.xlsx",
    "data_type":"XLSX",
    "number_of_households":0,
    "number_of_individuals":10,
    "error":"",
    "validation_errors":"",
    "created_by_id":"4196c2c5-c2dd-48d2-887f-3a9d39e78916"
  }
},
{
  "model":"registration_datahub.importeddocument",
  "pk":"01eb1603-c615-42c5-9c06-2fdbb08d9440",
  "fields":{
    "created_at":"2024-06-04T13:06:24.472Z",
    "updated_at":"2024-06-04T13:06:24.472Z",
    "document_number":"1905862545",
    "photo":"",
    "individual":"a5aac76e-c630-4eb9-ab01-b192f2833105",
    "type":"d2c54476-0a45-4f0a-aca1-e78e78f1e2cc",
    "country":"BA",
    "doc_date":null,
    "issuance_date":null,
    "expiry_date":null
  }
},
{
  "model":"registration_datahub.importeddocument",
  "pk":"0bcbd9aa-141f-478d-80c1-98929de6aa2c",
  "fields":{
    "created_at":"2024-06-04T13:06:24.472Z",
    "updated_at":"2024-06-04T13:06:24.472Z",
    "document_number":"1639135744",
    "photo":"",
    "individual":"351307ae-cfc8-479a-86f5-55450758512b",
    "type":"89481e2a-3ef1-40fb-8021-6b92bcb03db4",
    "country":"AL",
    "doc_date":null,
    "issuance_date":null,
    "expiry_date":null
  }
},
{
  "model":"registration_datahub.importeddocument",
  "pk":"0d48ed2e-9f0a-4e46-98e1-7d470dd9f555",
  "fields":{
    "created_at":"2024-06-04T13:06:24.473Z",
    "updated_at":"2024-06-04T13:06:24.473Z",
    "document_number":"1861792821",
    "photo":"",
    "individual":"5bfffcaa-10f2-4d98-8957-d87e3a9e5e82",
    "type":"185d0037-a1bc-4eef-a679-749b5964c1f6",
    "country":"SZ",
    "doc_date":null,
    "issuance_date":null,
    "expiry_date":null
  }
},
{
  "model":"registration_datahub.importeddocument",
  "pk":"1052440d-c58a-4e72-a49b-a14f45734cbd",
  "fields":{
    "created_at":"2024-06-04T13:06:24.474Z",
    "updated_at":"2024-06-04T13:06:24.474Z",
    "document_number":"946523477",
    "photo":"",
    "individual":"7fdeb99d-b1bf-45e8-8866-d0a4521299e8",
    "type":"185d0037-a1bc-4eef-a679-749b5964c1f6",
    "country":"MY",
    "doc_date":null,
    "issuance_date":null,
    "expiry_date":null
  }
},
{
  "model":"registration_datahub.importeddocument",
  "pk":"118d229a-1d65-40be-a535-a3e4151f2b81",
  "fields":{
    "created_at":"2024-06-04T13:06:24.473Z",
    "updated_at":"2024-06-04T13:06:24.473Z",
    "document_number":"864729173",
    "photo":"",
    "individual":"7fdeb99d-b1bf-45e8-8866-d0a4521299e8",
    "type":"db4b73d0-3a53-48b5-9d2b-bdf0de29ccbf",
    "country":"PL",
    "doc_date":null,
    "issuance_date":null,
    "expiry_date":null
  }
},
{
  "model":"registration_datahub.importeddocument",
  "pk":"15cdd496-0528-48c2-880e-ff3b65df909e",
  "fields":{
    "created_at":"2024-06-04T13:06:24.472Z",
    "updated_at":"2024-06-04T13:06:24.472Z",
    "document_number":"958825596",
    "photo":"",
    "individual":"a5aac76e-c630-4eb9-ab01-b192f2833105",
    "type":"185d0037-a1bc-4eef-a679-749b5964c1f6",
    "country":"BJ",
    "doc_date":null,
    "issuance_date":null,
    "expiry_date":null
  }
},
{
  "model":"registration_datahub.importeddocument",
  "pk":"1aaec64d-9275-4a4d-bb8c-1660f18eb2a1",
  "fields":{
    "created_at":"2024-06-04T13:06:24.472Z",
    "updated_at":"2024-06-04T13:06:24.472Z",
    "document_number":"1976622439",
    "photo":"",
    "individual":"351307ae-cfc8-479a-86f5-55450758512b",
    "type":"d2c54476-0a45-4f0a-aca1-e78e78f1e2cc",
    "country":"PL",
    "doc_date":null,
    "issuance_date":null,
    "expiry_date":null
  }
},
{
  "model":"registration_datahub.importeddocument",
  "pk":"246857ce-6044-44d1-828d-3104221359d5",
  "fields":{
    "created_at":"2024-06-04T13:06:24.473Z",
    "updated_at":"2024-06-04T13:06:24.473Z",
    "document_number":"132693862",
    "photo":"",
    "individual":"241d9b2e-d5be-4c70-b58c-d2ec0261c7d0",
    "type":"89481e2a-3ef1-40fb-8021-6b92bcb03db4",
    "country":"SO",
    "doc_date":null,
    "issuance_date":null,
    "expiry_date":null
  }
},
{
  "model":"registration_datahub.importeddocument",
  "pk":"2c914edc-d837-4403-97aa-d6ffd1995258",
  "fields":{
    "created_at":"2024-06-04T13:06:24.473Z",
    "updated_at":"2024-06-04T13:06:24.473Z",
    "document_number":"1224154289",
    "photo":"",
    "individual":"a26ccd5a-3ea0-45d1-b160-ad7bafe579b8",
    "type":"db4b73d0-3a53-48b5-9d2b-bdf0de29ccbf",
    "country":"MV",
    "doc_date":null,
    "issuance_date":null,
    "expiry_date":null
  }
},
{
  "model":"registration_datahub.importeddocument",
  "pk":"2dd91439-327c-4124-af91-85525b37c058",
  "fields":{
    "created_at":"2024-06-04T13:06:24.473Z",
    "updated_at":"2024-06-04T13:06:24.473Z",
    "document_number":"1384939777",
    "photo":"",
    "individual":"36c74c19-9052-4293-9bae-c255bf72d3f3",
    "type":"218fa71b-0d15-4f4b-85fe-86a9b9f59f0d",
    "country":"TT",
    "doc_date":null,
    "issuance_date":null,
    "expiry_date":null
  }
},
{
  "model":"registration_datahub.importeddocument",
  "pk":"2df12560-758a-49c4-9397-0af2e4245747",
  "fields":{
    "created_at":"2024-06-04T13:06:24.473Z",
    "updated_at":"2024-06-04T13:06:24.473Z",
    "document_number":"1972515425",
    "photo":"",
    "individual":"5bfffcaa-10f2-4d98-8957-d87e3a9e5e82",
    "type":"218fa71b-0d15-4f4b-85fe-86a9b9f59f0d",
    "country":"GW",
    "doc_date":null,
    "issuance_date":null,
    "expiry_date":null
  }
},
{
  "model":"registration_datahub.importeddocument",
  "pk":"2e0016be-10b6-46a0-810d-19894d91e178",
  "fields":{
    "created_at":"2024-06-04T13:06:24.473Z",
    "updated_at":"2024-06-04T13:06:24.473Z",
    "document_number":"1439813266",
    "photo":"",
    "individual":"8a505757-9f83-48e2-8c0c-a29b17b5995f",
    "type":"218fa71b-0d15-4f4b-85fe-86a9b9f59f0d",
    "country":"GN",
    "doc_date":null,
    "issuance_date":null,
    "expiry_date":null
  }
},
{
  "model":"registration_datahub.importeddocument",
  "pk":"30b6bec9-743c-4078-881c-cd78bddc6f0b",
  "fields":{
    "created_at":"2024-06-04T13:06:24.474Z",
    "updated_at":"2024-06-04T13:06:24.474Z",
    "document_number":"1549796360",
    "photo":"",
    "individual":"1e854b23-eea5-4184-a779-a74cd40d0068",
    "type":"db4b73d0-3a53-48b5-9d2b-bdf0de29ccbf",
    "country":"NF",
    "doc_date":null,
    "issuance_date":null,
    "expiry_date":null
  }
},
{
  "model":"registration_datahub.importeddocument",
  "pk":"3aa362b5-bd71-473d-a774-1768f0033e6c",
  "fields":{
    "created_at":"2024-06-04T13:06:24.472Z",
    "updated_at":"2024-06-04T13:06:24.472Z",
    "document_number":"977725105",
    "photo":"",
    "individual":"351307ae-cfc8-479a-86f5-55450758512b",
    "type":"218fa71b-0d15-4f4b-85fe-86a9b9f59f0d",
    "country":"FM",
    "doc_date":null,
    "issuance_date":null,
    "expiry_date":null
  }
},
{
  "model":"registration_datahub.importeddocument",
  "pk":"40a4ead7-2e2e-43c7-9ee1-1fd40a0a8c44",
  "fields":{
    "created_at":"2024-06-04T13:06:24.473Z",
    "updated_at":"2024-06-04T13:06:24.473Z",
    "document_number":"1784441634",
    "photo":"",
    "individual":"241d9b2e-d5be-4c70-b58c-d2ec0261c7d0",
    "type":"d2c54476-0a45-4f0a-aca1-e78e78f1e2cc",
    "country":"MH",
    "doc_date":null,
    "issuance_date":null,
    "expiry_date":null
  }
},
{
  "model":"registration_datahub.importeddocument",
  "pk":"4a246ccc-042c-40ad-880d-1c299cf11d89",
  "fields":{
    "created_at":"2024-06-04T13:06:24.473Z",
    "updated_at":"2024-06-04T13:06:24.473Z",
    "document_number":"1175906110",
    "photo":"",
    "individual":"5bfffcaa-10f2-4d98-8957-d87e3a9e5e82",
    "type":"89481e2a-3ef1-40fb-8021-6b92bcb03db4",
    "country":"AG",
    "doc_date":null,
    "issuance_date":null,
    "expiry_date":null
  }
},
{
  "model":"registration_datahub.importeddocument",
  "pk":"4df2fd14-9d1c-4b26-8af7-038a6c7530b0",
  "fields":{
    "created_at":"2024-06-04T13:06:24.473Z",
    "updated_at":"2024-06-04T13:06:24.473Z",
    "document_number":"664889493",
    "photo":"",
    "individual":"36c74c19-9052-4293-9bae-c255bf72d3f3",
    "type":"d2c54476-0a45-4f0a-aca1-e78e78f1e2cc",
    "country":"AO",
    "doc_date":null,
    "issuance_date":null,
    "expiry_date":null
  }
},
{
  "model":"registration_datahub.importeddocument",
  "pk":"4e03470e-b928-4467-9392-212f9ed929fb",
  "fields":{
    "created_at":"2024-06-04T13:06:24.472Z",
    "updated_at":"2024-06-04T13:06:24.472Z",
    "document_number":"79904860",
    "photo":"",
    "individual":"a5aac76e-c630-4eb9-ab01-b192f2833105",
    "type":"db4b73d0-3a53-48b5-9d2b-bdf0de29ccbf",
    "country":"UM",
    "doc_date":null,
    "issuance_date":null,
    "expiry_date":null
  }
},
{
  "model":"registration_datahub.importeddocument",
  "pk":"50af24e4-824f-458b-8f52-bbcf4c6e377a",
  "fields":{
    "created_at":"2024-06-04T13:06:24.472Z",
    "updated_at":"2024-06-04T13:06:24.472Z",
    "document_number":"1656114431",
    "photo":"",
    "individual":"8a505757-9f83-48e2-8c0c-a29b17b5995f",
    "type":"185d0037-a1bc-4eef-a679-749b5964c1f6",
    "country":"PY",
    "doc_date":null,
    "issuance_date":null,
    "expiry_date":null
  }
},
{
  "model":"registration_datahub.importeddocument",
  "pk":"5dd9735f-c38a-4385-b377-2bcb27b35368",
  "fields":{
    "created_at":"2024-06-04T13:06:24.473Z",
    "updated_at":"2024-06-04T13:06:24.473Z",
    "document_number":"162911365",
    "photo":"",
    "individual":"241d9b2e-d5be-4c70-b58c-d2ec0261c7d0",
    "type":"185d0037-a1bc-4eef-a679-749b5964c1f6",
    "country":"TC",
    "doc_date":null,
    "issuance_date":null,
    "expiry_date":null
  }
},
{
  "model":"registration_datahub.importeddocument",
  "pk":"635c26cd-ccc0-438e-85eb-1d97df7ade9e",
  "fields":{
    "created_at":"2024-06-04T13:06:24.473Z",
    "updated_at":"2024-06-04T13:06:24.473Z",
    "document_number":"1094965842",
    "photo":"",
    "individual":"a26ccd5a-3ea0-45d1-b160-ad7bafe579b8",
    "type":"89481e2a-3ef1-40fb-8021-6b92bcb03db4",
    "country":"AI",
    "doc_date":null,
    "issuance_date":null,
    "expiry_date":null
  }
},
{
  "model":"registration_datahub.importeddocument",
  "pk":"682a2cb4-2727-4701-a3b6-7d05c4716eb2",
  "fields":{
    "created_at":"2024-06-04T13:06:24.472Z",
    "updated_at":"2024-06-04T13:06:24.472Z",
    "document_number":"1083953926",
    "photo":"",
    "individual":"8a505757-9f83-48e2-8c0c-a29b17b5995f",
    "type":"d2c54476-0a45-4f0a-aca1-e78e78f1e2cc",
    "country":"DK",
    "doc_date":null,
    "issuance_date":null,
    "expiry_date":null
  }
},
{
  "model":"registration_datahub.importeddocument",
  "pk":"85c38323-e5c8-4382-866a-a6c4c5e49e05",
  "fields":{
    "created_at":"2024-06-04T13:06:24.473Z",
    "updated_at":"2024-06-04T13:06:24.473Z",
    "document_number":"1427939569",
    "photo":"",
    "individual":"3cd2607d-a3c9-4526-be56-db218d2e81a9",
    "type":"db4b73d0-3a53-48b5-9d2b-bdf0de29ccbf",
    "country":"BI",
    "doc_date":null,
    "issuance_date":null,
    "expiry_date":null
  }
},
{
  "model":"registration_datahub.importeddocument",
  "pk":"8dbfd7e1-ec8b-404d-b20d-68a96f10c95e",
  "fields":{
    "created_at":"2024-06-04T13:06:24.473Z",
    "updated_at":"2024-06-04T13:06:24.473Z",
    "document_number":"37064952",
    "photo":"",
    "individual":"36c74c19-9052-4293-9bae-c255bf72d3f3",
    "type":"89481e2a-3ef1-40fb-8021-6b92bcb03db4",
    "country":"LU",
    "doc_date":null,
    "issuance_date":null,
    "expiry_date":null
  }
},
{
  "model":"registration_datahub.importeddocument",
  "pk":"90115cba-bee4-445e-b476-48be8e10b35c",
  "fields":{
    "created_at":"2024-06-04T13:06:24.473Z",
    "updated_at":"2024-06-04T13:06:24.473Z",
    "document_number":"594330686",
    "photo":"",
    "individual":"a26ccd5a-3ea0-45d1-b160-ad7bafe579b8",
    "type":"218fa71b-0d15-4f4b-85fe-86a9b9f59f0d",
    "country":"DJ",
    "doc_date":null,
    "issuance_date":null,
    "expiry_date":null
  }
},
{
  "model":"registration_datahub.importeddocument",
  "pk":"90784d65-e6b8-40fc-897b-051dc0faae29",
  "fields":{
    "created_at":"2024-06-04T13:06:24.473Z",
    "updated_at":"2024-06-04T13:06:24.473Z",
    "document_number":"15857295",
    "photo":"",
    "individual":"a26ccd5a-3ea0-45d1-b160-ad7bafe579b8",
    "type":"185d0037-a1bc-4eef-a679-749b5964c1f6",
    "country":"PT",
    "doc_date":null,
    "issuance_date":null,
    "expiry_date":null
  }
},
{
  "model":"registration_datahub.importeddocument",
  "pk":"92c2a0b7-d65a-428d-bafa-2bde905d4789",
  "fields":{
    "created_at":"2024-06-04T13:06:24.473Z",
    "updated_at":"2024-06-04T13:06:24.473Z",
    "document_number":"755043089",
    "photo":"",
    "individual":"3cd2607d-a3c9-4526-be56-db218d2e81a9",
    "type":"218fa71b-0d15-4f4b-85fe-86a9b9f59f0d",
    "country":"AI",
    "doc_date":null,
    "issuance_date":null,
    "expiry_date":null
  }
},
{
  "model":"registration_datahub.importeddocument",
  "pk":"9ddd1388-d5d7-4ae3-9f79-1ef727463979",
  "fields":{
    "created_at":"2024-06-04T13:06:24.473Z",
    "updated_at":"2024-06-04T13:06:24.473Z",
    "document_number":"1342079771",
    "photo":"",
    "individual":"3cd2607d-a3c9-4526-be56-db218d2e81a9",
    "type":"185d0037-a1bc-4eef-a679-749b5964c1f6",
    "country":"TF",
    "doc_date":null,
    "issuance_date":null,
    "expiry_date":null
  }
},
{
  "model":"registration_datahub.importeddocument",
  "pk":"9e2c3f11-5d30-4169-89e3-1a8bb2da52c6",
  "fields":{
    "created_at":"2024-06-04T13:06:24.474Z",
    "updated_at":"2024-06-04T13:06:24.474Z",
    "document_number":"1319401614",
    "photo":"",
    "individual":"1e854b23-eea5-4184-a779-a74cd40d0068",
    "type":"89481e2a-3ef1-40fb-8021-6b92bcb03db4",
    "country":"TD",
    "doc_date":null,
    "issuance_date":null,
    "expiry_date":null
  }
},
{
  "model":"registration_datahub.importeddocument",
  "pk":"a6318a68-2a3d-4e7f-8ed5-d3fc8dd14ee0",
  "fields":{
    "created_at":"2024-06-04T13:06:24.473Z",
    "updated_at":"2024-06-04T13:06:24.473Z",
    "document_number":"1037607088",
    "photo":"",
    "individual":"36c74c19-9052-4293-9bae-c255bf72d3f3",
    "type":"db4b73d0-3a53-48b5-9d2b-bdf0de29ccbf",
    "country":"SB",
    "doc_date":null,
    "issuance_date":null,
    "expiry_date":null
  }
},
{
  "model":"registration_datahub.importeddocument",
  "pk":"aa440643-bc2e-43cf-9eb0-d70ee4f4417c",
  "fields":{
    "created_at":"2024-06-04T13:06:24.473Z",
    "updated_at":"2024-06-04T13:06:24.473Z",
    "document_number":"1872704691",
    "photo":"",
    "individual":"3cd2607d-a3c9-4526-be56-db218d2e81a9",
    "type":"d2c54476-0a45-4f0a-aca1-e78e78f1e2cc",
    "country":"GN",
    "doc_date":null,
    "issuance_date":null,
    "expiry_date":null
  }
},
{
  "model":"registration_datahub.importeddocument",
  "pk":"afc29475-7457-455a-9ce6-94fab0317599",
  "fields":{
    "created_at":"2024-06-04T13:06:24.474Z",
    "updated_at":"2024-06-04T13:06:24.474Z",
    "document_number":"1857377932",
    "photo":"",
    "individual":"7fdeb99d-b1bf-45e8-8866-d0a4521299e8",
    "type":"89481e2a-3ef1-40fb-8021-6b92bcb03db4",
    "country":"FI",
    "doc_date":null,
    "issuance_date":null,
    "expiry_date":null
  }
},
{
  "model":"registration_datahub.importeddocument",
  "pk":"bb3e22b8-1431-40f6-a3b0-f38956b80de8",
  "fields":{
    "created_at":"2024-06-04T13:06:24.473Z",
    "updated_at":"2024-06-04T13:06:24.473Z",
    "document_number":"171897247",
    "photo":"",
    "individual":"36c74c19-9052-4293-9bae-c255bf72d3f3",
    "type":"185d0037-a1bc-4eef-a679-749b5964c1f6",
    "country":"DO",
    "doc_date":null,
    "issuance_date":null,
    "expiry_date":null
  }
},
{
  "model":"registration_datahub.importeddocument",
  "pk":"bb5a3f44-5524-4910-aece-76164f6e2f4a",
  "fields":{
    "created_at":"2024-06-04T13:06:24.473Z",
    "updated_at":"2024-06-04T13:06:24.473Z",
    "document_number":"859719368",
    "photo":"",
    "individual":"241d9b2e-d5be-4c70-b58c-d2ec0261c7d0",
    "type":"218fa71b-0d15-4f4b-85fe-86a9b9f59f0d",
    "country":"SI",
    "doc_date":null,
    "issuance_date":null,
    "expiry_date":null
  }
},
{
  "model":"registration_datahub.importeddocument",
  "pk":"bbc2afac-787f-45c2-8801-9da762952329",
  "fields":{
    "created_at":"2024-06-04T13:06:24.474Z",
    "updated_at":"2024-06-04T13:06:24.474Z",
    "document_number":"2124320687",
    "photo":"",
    "individual":"1e854b23-eea5-4184-a779-a74cd40d0068",
    "type":"218fa71b-0d15-4f4b-85fe-86a9b9f59f0d",
    "country":"AM",
    "doc_date":null,
    "issuance_date":null,
    "expiry_date":null
  }
},
{
  "model":"registration_datahub.importeddocument",
  "pk":"c4580a35-e5d6-4ed8-a9aa-dd8a217d75c3",
  "fields":{
    "created_at":"2024-06-04T13:06:24.473Z",
    "updated_at":"2024-06-04T13:06:24.473Z",
    "document_number":"1141736323",
    "photo":"",
    "individual":"a26ccd5a-3ea0-45d1-b160-ad7bafe579b8",
    "type":"d2c54476-0a45-4f0a-aca1-e78e78f1e2cc",
    "country":"IE",
    "doc_date":null,
    "issuance_date":null,
    "expiry_date":null
  }
},
{
  "model":"registration_datahub.importeddocument",
  "pk":"cc82632a-8cfd-4847-b0b2-462b3c31e770",
  "fields":{
    "created_at":"2024-06-04T13:06:24.474Z",
    "updated_at":"2024-06-04T13:06:24.474Z",
    "document_number":"1995571277",
    "photo":"",
    "individual":"7fdeb99d-b1bf-45e8-8866-d0a4521299e8",
    "type":"218fa71b-0d15-4f4b-85fe-86a9b9f59f0d",
    "country":"HN",
    "doc_date":null,
    "issuance_date":null,
    "expiry_date":null
  }
},
{
  "model":"registration_datahub.importeddocument",
  "pk":"cd7d7f73-18bc-4417-9767-fe7535309006",
  "fields":{
    "created_at":"2024-06-04T13:06:24.472Z",
    "updated_at":"2024-06-04T13:06:24.472Z",
    "document_number":"261068272",
    "photo":"",
    "individual":"a5aac76e-c630-4eb9-ab01-b192f2833105",
    "type":"89481e2a-3ef1-40fb-8021-6b92bcb03db4",
    "country":"ES",
    "doc_date":null,
    "issuance_date":null,
    "expiry_date":null
  }
},
{
  "model":"registration_datahub.importeddocument",
  "pk":"cfa31db3-a388-47d6-924a-a55b41b73558",
  "fields":{
    "created_at":"2024-06-04T13:06:24.473Z",
    "updated_at":"2024-06-04T13:06:24.473Z",
    "document_number":"334925810",
    "photo":"",
    "individual":"5bfffcaa-10f2-4d98-8957-d87e3a9e5e82",
    "type":"db4b73d0-3a53-48b5-9d2b-bdf0de29ccbf",
    "country":"PR",
    "doc_date":null,
    "issuance_date":null,
    "expiry_date":null
  }
},
{
  "model":"registration_datahub.importeddocument",
  "pk":"d8db041c-8064-47e6-8f4a-f8d997bd30c5",
  "fields":{
    "created_at":"2024-06-04T13:06:24.473Z",
    "updated_at":"2024-06-04T13:06:24.473Z",
    "document_number":"667541607",
    "photo":"",
    "individual":"241d9b2e-d5be-4c70-b58c-d2ec0261c7d0",
    "type":"db4b73d0-3a53-48b5-9d2b-bdf0de29ccbf",
    "country":"UG",
    "doc_date":null,
    "issuance_date":null,
    "expiry_date":null
  }
},
{
  "model":"registration_datahub.importeddocument",
  "pk":"dabcf7fe-b671-4cd9-b58a-de1a14d4f1c4",
  "fields":{
    "created_at":"2024-06-04T13:06:24.472Z",
    "updated_at":"2024-06-04T13:06:24.472Z",
    "document_number":"1609558290",
    "photo":"",
    "individual":"351307ae-cfc8-479a-86f5-55450758512b",
    "type":"185d0037-a1bc-4eef-a679-749b5964c1f6",
    "country":"LS",
    "doc_date":null,
    "issuance_date":null,
    "expiry_date":null
  }
},
{
  "model":"registration_datahub.importeddocument",
  "pk":"e00978c4-0f38-4e3a-8ea1-cf684e85e17e",
  "fields":{
    "created_at":"2024-06-04T13:06:24.472Z",
    "updated_at":"2024-06-04T13:06:24.472Z",
    "document_number":"1559625253",
    "photo":"",
    "individual":"8a505757-9f83-48e2-8c0c-a29b17b5995f",
    "type":"89481e2a-3ef1-40fb-8021-6b92bcb03db4",
    "country":"TL",
    "doc_date":null,
    "issuance_date":null,
    "expiry_date":null
  }
},
{
  "model":"registration_datahub.importeddocument",
  "pk":"e3622a23-126e-4d7e-8fc5-4c2d15f1966a",
  "fields":{
    "created_at":"2024-06-04T13:06:24.474Z",
    "updated_at":"2024-06-04T13:06:24.474Z",
    "document_number":"577648131",
    "photo":"",
    "individual":"1e854b23-eea5-4184-a779-a74cd40d0068",
    "type":"d2c54476-0a45-4f0a-aca1-e78e78f1e2cc",
    "country":"EC",
    "doc_date":null,
    "issuance_date":null,
    "expiry_date":null
  }
},
{
  "model":"registration_datahub.importeddocument",
  "pk":"e4b89333-a6b0-47bb-9e74-ea64339eb763",
  "fields":{
    "created_at":"2024-06-04T13:06:24.474Z",
    "updated_at":"2024-06-04T13:06:24.474Z",
    "document_number":"583737432",
    "photo":"",
    "individual":"1e854b23-eea5-4184-a779-a74cd40d0068",
    "type":"185d0037-a1bc-4eef-a679-749b5964c1f6",
    "country":"LB",
    "doc_date":null,
    "issuance_date":null,
    "expiry_date":null
  }
},
{
  "model":"registration_datahub.importeddocument",
  "pk":"e6da8c11-ddcd-4c00-b7ce-0e90364a491d",
  "fields":{
    "created_at":"2024-06-04T13:06:24.472Z",
    "updated_at":"2024-06-04T13:06:24.472Z",
    "document_number":"1817658557",
    "photo":"",
    "individual":"a5aac76e-c630-4eb9-ab01-b192f2833105",
    "type":"218fa71b-0d15-4f4b-85fe-86a9b9f59f0d",
    "country":"ZM",
    "doc_date":null,
    "issuance_date":null,
    "expiry_date":null
  }
},
{
  "model":"registration_datahub.importeddocument",
  "pk":"ecbad909-b0e9-41cd-ba72-63b8cb6f02f4",
  "fields":{
    "created_at":"2024-06-04T13:06:24.473Z",
    "updated_at":"2024-06-04T13:06:24.473Z",
    "document_number":"223590930",
    "photo":"",
    "individual":"5bfffcaa-10f2-4d98-8957-d87e3a9e5e82",
    "type":"d2c54476-0a45-4f0a-aca1-e78e78f1e2cc",
    "country":"MW",
    "doc_date":null,
    "issuance_date":null,
    "expiry_date":null
  }
},
{
  "model":"registration_datahub.importeddocument",
  "pk":"f0fb1558-f83a-4ee0-9f6d-686f22931e6b",
  "fields":{
    "created_at":"2024-06-04T13:06:24.473Z",
    "updated_at":"2024-06-04T13:06:24.473Z",
    "document_number":"388855545",
    "photo":"",
    "individual":"3cd2607d-a3c9-4526-be56-db218d2e81a9",
    "type":"89481e2a-3ef1-40fb-8021-6b92bcb03db4",
    "country":"BL",
    "doc_date":null,
    "issuance_date":null,
    "expiry_date":null
  }
},
{
  "model":"registration_datahub.importeddocument",
  "pk":"f1428208-ccb0-4ed7-a8cf-05158f0dc793",
  "fields":{
    "created_at":"2024-06-04T13:06:24.472Z",
    "updated_at":"2024-06-04T13:06:24.472Z",
    "document_number":"1123407711",
    "photo":"",
    "individual":"8a505757-9f83-48e2-8c0c-a29b17b5995f",
    "type":"db4b73d0-3a53-48b5-9d2b-bdf0de29ccbf",
    "country":"GT",
    "doc_date":null,
    "issuance_date":null,
    "expiry_date":null
  }
},
{
  "model":"registration_datahub.importeddocument",
  "pk":"f1782a20-030d-4937-989f-011939712e18",
  "fields":{
    "created_at":"2024-06-04T13:06:24.472Z",
    "updated_at":"2024-06-04T13:06:24.472Z",
    "document_number":"1502316764",
    "photo":"",
    "individual":"351307ae-cfc8-479a-86f5-55450758512b",
    "type":"db4b73d0-3a53-48b5-9d2b-bdf0de29ccbf",
    "country":"BI",
    "doc_date":null,
    "issuance_date":null,
    "expiry_date":null
  }
},
{
  "model":"registration_datahub.importeddocument",
  "pk":"f6338903-89eb-42f0-b399-be15a9db22a0",
  "fields":{
    "created_at":"2024-06-04T13:06:24.474Z",
    "updated_at":"2024-06-04T13:06:24.474Z",
    "document_number":"1428140171",
    "photo":"",
    "individual":"7fdeb99d-b1bf-45e8-8866-d0a4521299e8",
    "type":"d2c54476-0a45-4f0a-aca1-e78e78f1e2cc",
    "country":"KY",
    "doc_date":null,
    "issuance_date":null,
    "expiry_date":null
  }
},
{
  "model":"registration_datahub.importedindividualidentity",
  "pk":2,
  "fields":{
    "individual":"351307ae-cfc8-479a-86f5-55450758512b",
    "document_number":"1177027804",
    "country":"MK",
    "partner":"UNHCR"
  }
},
{
  "model":"registration_datahub.importedindividualidentity",
  "pk":3,
  "fields":{
    "individual":"351307ae-cfc8-479a-86f5-55450758512b",
    "document_number":"7154888",
    "country":"PS",
    "partner":"WFP"
  }
},
{
  "model":"registration_datahub.importedindividualidentity",
  "pk":4,
  "fields":{
    "individual":"a5aac76e-c630-4eb9-ab01-b192f2833105",
    "document_number":"1820247318",
    "country":"VN",
    "partner":"UNHCR"
  }
},
{
  "model":"registration_datahub.importedindividualidentity",
  "pk":5,
  "fields":{
    "individual":"a5aac76e-c630-4eb9-ab01-b192f2833105",
    "document_number":"580119081",
    "country":"MR",
    "partner":"WFP"
  }
},
{
  "model":"registration_datahub.importedindividualidentity",
  "pk":6,
  "fields":{
    "individual":"8a505757-9f83-48e2-8c0c-a29b17b5995f",
    "document_number":"1331021630",
    "country":"BW",
    "partner":"UNHCR"
  }
},
{
  "model":"registration_datahub.importedindividualidentity",
  "pk":7,
  "fields":{
    "individual":"8a505757-9f83-48e2-8c0c-a29b17b5995f",
    "document_number":"1594575488",
    "country":"MG",
    "partner":"WFP"
  }
},
{
  "model":"registration_datahub.importedindividualidentity",
  "pk":8,
  "fields":{
    "individual":"5bfffcaa-10f2-4d98-8957-d87e3a9e5e82",
    "document_number":"2140181085",
    "country":"GD",
    "partner":"UNHCR"
  }
},
{
  "model":"registration_datahub.importedindividualidentity",
  "pk":9,
  "fields":{
    "individual":"5bfffcaa-10f2-4d98-8957-d87e3a9e5e82",
    "document_number":"896760976",
    "country":"GR",
    "partner":"WFP"
  }
},
{
  "model":"registration_datahub.importedindividualidentity",
  "pk":10,
  "fields":{
    "individual":"36c74c19-9052-4293-9bae-c255bf72d3f3",
    "document_number":"498467453",
    "country":"GG",
    "partner":"UNHCR"
  }
},
{
  "model":"registration_datahub.importedindividualidentity",
  "pk":11,
  "fields":{
    "individual":"36c74c19-9052-4293-9bae-c255bf72d3f3",
    "document_number":"1200187540",
    "country":"KP",
    "partner":"WFP"
  }
},
{
  "model":"registration_datahub.importedindividualidentity",
  "pk":12,
  "fields":{
    "individual":"a26ccd5a-3ea0-45d1-b160-ad7bafe579b8",
    "document_number":"117078847",
    "country":"BN",
    "partner":"UNHCR"
  }
},
{
  "model":"registration_datahub.importedindividualidentity",
  "pk":13,
  "fields":{
    "individual":"a26ccd5a-3ea0-45d1-b160-ad7bafe579b8",
    "document_number":"860146609",
    "country":"JM",
    "partner":"WFP"
  }
},
{
  "model":"registration_datahub.importedindividualidentity",
  "pk":14,
  "fields":{
    "individual":"241d9b2e-d5be-4c70-b58c-d2ec0261c7d0",
    "document_number":"313495412",
    "country":"AE",
    "partner":"UNHCR"
  }
},
{
  "model":"registration_datahub.importedindividualidentity",
  "pk":15,
  "fields":{
    "individual":"241d9b2e-d5be-4c70-b58c-d2ec0261c7d0",
    "document_number":"1629816969",
    "country":"SI",
    "partner":"WFP"
  }
},
{
  "model":"registration_datahub.importedindividualidentity",
  "pk":16,
  "fields":{
    "individual":"3cd2607d-a3c9-4526-be56-db218d2e81a9",
    "document_number":"771861294",
    "country":"SA",
    "partner":"UNHCR"
  }
},
{
  "model":"registration_datahub.importedindividualidentity",
  "pk":17,
  "fields":{
    "individual":"3cd2607d-a3c9-4526-be56-db218d2e81a9",
    "document_number":"898322765",
    "country":"LR",
    "partner":"WFP"
  }
},
{
  "model":"registration_datahub.importedindividualidentity",
  "pk":18,
  "fields":{
    "individual":"7fdeb99d-b1bf-45e8-8866-d0a4521299e8",
    "document_number":"630046978",
    "country":"LU",
    "partner":"UNHCR"
  }
},
{
  "model":"registration_datahub.importedindividualidentity",
  "pk":19,
  "fields":{
    "individual":"7fdeb99d-b1bf-45e8-8866-d0a4521299e8",
    "document_number":"1073210510",
    "country":"KI",
    "partner":"WFP"
  }
},
{
  "model":"registration_datahub.importedindividualidentity",
  "pk":20,
  "fields":{
    "individual":"1e854b23-eea5-4184-a779-a74cd40d0068",
    "document_number":"969263558",
    "country":"ZA",
    "partner":"UNHCR"
  }
},
{
  "model":"registration_datahub.importedindividualidentity",
  "pk":21,
  "fields":{
    "individual":"1e854b23-eea5-4184-a779-a74cd40d0068",
    "document_number":"1842926067",
    "country":"ZA",
    "partner":"WFP"
  }
}
]
